--
-- PostgreSQL database dump
--

-- Dumped from database version 14.8 (Ubuntu 14.8-0ubuntu0.22.10.1)
-- Dumped by pg_dump version 14.8 (Ubuntu 14.8-0ubuntu0.22.10.1)

SET statement_timeout = 0;
SET lock_timeout = 0;
SET idle_in_transaction_session_timeout = 0;
SET client_encoding = 'UTF8';
SET standard_conforming_strings = on;
SELECT pg_catalog.set_config('search_path', '', false);
SET check_function_bodies = false;
SET xmloption = content;
SET client_min_messages = warning;
SET row_security = off;

SET default_tablespace = '';

SET default_table_access_method = heap;

--
-- Name: about_aboutimages; Type: TABLE; Schema: public; Owner: avkonste
--

CREATE TABLE public.about_aboutimages (
    id integer NOT NULL,
    firstupfront character varying(100) NOT NULL,
    firstupback character varying(100) NOT NULL,
    secondupfront character varying(100) NOT NULL,
    secondupback character varying(100) NOT NULL,
    firstdownfront character varying(100) NOT NULL,
    firstdownback character varying(100) NOT NULL,
    seconddownfront character varying(100) NOT NULL,
    seconddownback character varying(100) NOT NULL
);


ALTER TABLE public.about_aboutimages OWNER TO avkonste;

--
-- Name: about_aboutimages_id_seq; Type: SEQUENCE; Schema: public; Owner: avkonste
--

CREATE SEQUENCE public.about_aboutimages_id_seq
    AS integer
    START WITH 1
    INCREMENT BY 1
    NO MINVALUE
    NO MAXVALUE
    CACHE 1;


ALTER TABLE public.about_aboutimages_id_seq OWNER TO avkonste;

--
-- Name: about_aboutimages_id_seq; Type: SEQUENCE OWNED BY; Schema: public; Owner: avkonste
--

ALTER SEQUENCE public.about_aboutimages_id_seq OWNED BY public.about_aboutimages.id;


--
-- Name: auth_group; Type: TABLE; Schema: public; Owner: avkonste
--

CREATE TABLE public.auth_group (
    id integer NOT NULL,
    name character varying(150) NOT NULL
);


ALTER TABLE public.auth_group OWNER TO avkonste;

--
-- Name: auth_group_id_seq; Type: SEQUENCE; Schema: public; Owner: avkonste
--

CREATE SEQUENCE public.auth_group_id_seq
    AS integer
    START WITH 1
    INCREMENT BY 1
    NO MINVALUE
    NO MAXVALUE
    CACHE 1;


ALTER TABLE public.auth_group_id_seq OWNER TO avkonste;

--
-- Name: auth_group_id_seq; Type: SEQUENCE OWNED BY; Schema: public; Owner: avkonste
--

ALTER SEQUENCE public.auth_group_id_seq OWNED BY public.auth_group.id;


--
-- Name: auth_group_permissions; Type: TABLE; Schema: public; Owner: avkonste
--

CREATE TABLE public.auth_group_permissions (
    id integer NOT NULL,
    group_id integer NOT NULL,
    permission_id integer NOT NULL
);


ALTER TABLE public.auth_group_permissions OWNER TO avkonste;

--
-- Name: auth_group_permissions_id_seq; Type: SEQUENCE; Schema: public; Owner: avkonste
--

CREATE SEQUENCE public.auth_group_permissions_id_seq
    AS integer
    START WITH 1
    INCREMENT BY 1
    NO MINVALUE
    NO MAXVALUE
    CACHE 1;


ALTER TABLE public.auth_group_permissions_id_seq OWNER TO avkonste;

--
-- Name: auth_group_permissions_id_seq; Type: SEQUENCE OWNED BY; Schema: public; Owner: avkonste
--

ALTER SEQUENCE public.auth_group_permissions_id_seq OWNED BY public.auth_group_permissions.id;


--
-- Name: auth_permission; Type: TABLE; Schema: public; Owner: avkonste
--

CREATE TABLE public.auth_permission (
    id integer NOT NULL,
    name character varying(255) NOT NULL,
    content_type_id integer NOT NULL,
    codename character varying(100) NOT NULL
);


ALTER TABLE public.auth_permission OWNER TO avkonste;

--
-- Name: auth_permission_id_seq; Type: SEQUENCE; Schema: public; Owner: avkonste
--

CREATE SEQUENCE public.auth_permission_id_seq
    AS integer
    START WITH 1
    INCREMENT BY 1
    NO MINVALUE
    NO MAXVALUE
    CACHE 1;


ALTER TABLE public.auth_permission_id_seq OWNER TO avkonste;

--
-- Name: auth_permission_id_seq; Type: SEQUENCE OWNED BY; Schema: public; Owner: avkonste
--

ALTER SEQUENCE public.auth_permission_id_seq OWNED BY public.auth_permission.id;


--
-- Name: auth_user; Type: TABLE; Schema: public; Owner: avkonste
--

CREATE TABLE public.auth_user (
    id integer NOT NULL,
    password character varying(128) NOT NULL,
    last_login timestamp with time zone,
    is_superuser boolean NOT NULL,
    username character varying(150) NOT NULL,
    first_name character varying(30) NOT NULL,
    last_name character varying(150) NOT NULL,
    email character varying(254) NOT NULL,
    is_staff boolean NOT NULL,
    is_active boolean NOT NULL,
    date_joined timestamp with time zone NOT NULL
);


ALTER TABLE public.auth_user OWNER TO avkonste;

--
-- Name: auth_user_groups; Type: TABLE; Schema: public; Owner: avkonste
--

CREATE TABLE public.auth_user_groups (
    id integer NOT NULL,
    user_id integer NOT NULL,
    group_id integer NOT NULL
);


ALTER TABLE public.auth_user_groups OWNER TO avkonste;

--
-- Name: auth_user_groups_id_seq; Type: SEQUENCE; Schema: public; Owner: avkonste
--

CREATE SEQUENCE public.auth_user_groups_id_seq
    AS integer
    START WITH 1
    INCREMENT BY 1
    NO MINVALUE
    NO MAXVALUE
    CACHE 1;


ALTER TABLE public.auth_user_groups_id_seq OWNER TO avkonste;

--
-- Name: auth_user_groups_id_seq; Type: SEQUENCE OWNED BY; Schema: public; Owner: avkonste
--

ALTER SEQUENCE public.auth_user_groups_id_seq OWNED BY public.auth_user_groups.id;


--
-- Name: auth_user_id_seq; Type: SEQUENCE; Schema: public; Owner: avkonste
--

CREATE SEQUENCE public.auth_user_id_seq
    AS integer
    START WITH 1
    INCREMENT BY 1
    NO MINVALUE
    NO MAXVALUE
    CACHE 1;


ALTER TABLE public.auth_user_id_seq OWNER TO avkonste;

--
-- Name: auth_user_id_seq; Type: SEQUENCE OWNED BY; Schema: public; Owner: avkonste
--

ALTER SEQUENCE public.auth_user_id_seq OWNED BY public.auth_user.id;


--
-- Name: auth_user_user_permissions; Type: TABLE; Schema: public; Owner: avkonste
--

CREATE TABLE public.auth_user_user_permissions (
    id integer NOT NULL,
    user_id integer NOT NULL,
    permission_id integer NOT NULL
);


ALTER TABLE public.auth_user_user_permissions OWNER TO avkonste;

--
-- Name: auth_user_user_permissions_id_seq; Type: SEQUENCE; Schema: public; Owner: avkonste
--

CREATE SEQUENCE public.auth_user_user_permissions_id_seq
    AS integer
    START WITH 1
    INCREMENT BY 1
    NO MINVALUE
    NO MAXVALUE
    CACHE 1;


ALTER TABLE public.auth_user_user_permissions_id_seq OWNER TO avkonste;

--
-- Name: auth_user_user_permissions_id_seq; Type: SEQUENCE OWNED BY; Schema: public; Owner: avkonste
--

ALTER SEQUENCE public.auth_user_user_permissions_id_seq OWNED BY public.auth_user_user_permissions.id;


--
-- Name: django_admin_log; Type: TABLE; Schema: public; Owner: avkonste
--

CREATE TABLE public.django_admin_log (
    id integer NOT NULL,
    action_time timestamp with time zone NOT NULL,
    object_id text,
    object_repr character varying(200) NOT NULL,
    action_flag smallint NOT NULL,
    change_message text NOT NULL,
    content_type_id integer,
    user_id integer NOT NULL,
    CONSTRAINT django_admin_log_action_flag_check CHECK ((action_flag >= 0))
);


ALTER TABLE public.django_admin_log OWNER TO avkonste;

--
-- Name: django_admin_log_id_seq; Type: SEQUENCE; Schema: public; Owner: avkonste
--

CREATE SEQUENCE public.django_admin_log_id_seq
    AS integer
    START WITH 1
    INCREMENT BY 1
    NO MINVALUE
    NO MAXVALUE
    CACHE 1;


ALTER TABLE public.django_admin_log_id_seq OWNER TO avkonste;

--
-- Name: django_admin_log_id_seq; Type: SEQUENCE OWNED BY; Schema: public; Owner: avkonste
--

ALTER SEQUENCE public.django_admin_log_id_seq OWNED BY public.django_admin_log.id;


--
-- Name: django_content_type; Type: TABLE; Schema: public; Owner: avkonste
--

CREATE TABLE public.django_content_type (
    id integer NOT NULL,
    app_label character varying(100) NOT NULL,
    model character varying(100) NOT NULL
);


ALTER TABLE public.django_content_type OWNER TO avkonste;

--
-- Name: django_content_type_id_seq; Type: SEQUENCE; Schema: public; Owner: avkonste
--

CREATE SEQUENCE public.django_content_type_id_seq
    AS integer
    START WITH 1
    INCREMENT BY 1
    NO MINVALUE
    NO MAXVALUE
    CACHE 1;


ALTER TABLE public.django_content_type_id_seq OWNER TO avkonste;

--
-- Name: django_content_type_id_seq; Type: SEQUENCE OWNED BY; Schema: public; Owner: avkonste
--

ALTER SEQUENCE public.django_content_type_id_seq OWNED BY public.django_content_type.id;


--
-- Name: django_migrations; Type: TABLE; Schema: public; Owner: avkonste
--

CREATE TABLE public.django_migrations (
    id integer NOT NULL,
    app character varying(255) NOT NULL,
    name character varying(255) NOT NULL,
    applied timestamp with time zone NOT NULL
);


ALTER TABLE public.django_migrations OWNER TO avkonste;

--
-- Name: django_migrations_id_seq; Type: SEQUENCE; Schema: public; Owner: avkonste
--

CREATE SEQUENCE public.django_migrations_id_seq
    AS integer
    START WITH 1
    INCREMENT BY 1
    NO MINVALUE
    NO MAXVALUE
    CACHE 1;


ALTER TABLE public.django_migrations_id_seq OWNER TO avkonste;

--
-- Name: django_migrations_id_seq; Type: SEQUENCE OWNED BY; Schema: public; Owner: avkonste
--

ALTER SEQUENCE public.django_migrations_id_seq OWNED BY public.django_migrations.id;


--
-- Name: django_session; Type: TABLE; Schema: public; Owner: avkonste
--

CREATE TABLE public.django_session (
    session_key character varying(40) NOT NULL,
    session_data text NOT NULL,
    expire_date timestamp with time zone NOT NULL
);


ALTER TABLE public.django_session OWNER TO avkonste;

--
-- Name: home_homeserviceone; Type: TABLE; Schema: public; Owner: avkonste
--

CREATE TABLE public.home_homeserviceone (
    id integer NOT NULL,
    image character varying(100) NOT NULL,
    title text NOT NULL,
    text text NOT NULL
);


ALTER TABLE public.home_homeserviceone OWNER TO avkonste;

--
-- Name: home_homeserviceone_id_seq; Type: SEQUENCE; Schema: public; Owner: avkonste
--

CREATE SEQUENCE public.home_homeserviceone_id_seq
    AS integer
    START WITH 1
    INCREMENT BY 1
    NO MINVALUE
    NO MAXVALUE
    CACHE 1;


ALTER TABLE public.home_homeserviceone_id_seq OWNER TO avkonste;

--
-- Name: home_homeserviceone_id_seq; Type: SEQUENCE OWNED BY; Schema: public; Owner: avkonste
--

ALTER SEQUENCE public.home_homeserviceone_id_seq OWNED BY public.home_homeserviceone.id;


--
-- Name: home_homeservicethird; Type: TABLE; Schema: public; Owner: avkonste
--

CREATE TABLE public.home_homeservicethird (
    id integer NOT NULL,
    image character varying(100) NOT NULL,
    title text NOT NULL,
    text text NOT NULL
);


ALTER TABLE public.home_homeservicethird OWNER TO avkonste;

--
-- Name: home_homeservicethird_id_seq; Type: SEQUENCE; Schema: public; Owner: avkonste
--

CREATE SEQUENCE public.home_homeservicethird_id_seq
    AS integer
    START WITH 1
    INCREMENT BY 1
    NO MINVALUE
    NO MAXVALUE
    CACHE 1;


ALTER TABLE public.home_homeservicethird_id_seq OWNER TO avkonste;

--
-- Name: home_homeservicethird_id_seq; Type: SEQUENCE OWNED BY; Schema: public; Owner: avkonste
--

ALTER SEQUENCE public.home_homeservicethird_id_seq OWNED BY public.home_homeservicethird.id;


--
-- Name: home_homeservicetwo; Type: TABLE; Schema: public; Owner: avkonste
--

CREATE TABLE public.home_homeservicetwo (
    id integer NOT NULL,
    image character varying(100) NOT NULL,
    title text NOT NULL,
    text text NOT NULL
);


ALTER TABLE public.home_homeservicetwo OWNER TO avkonste;

--
-- Name: home_homeservicetwo_id_seq; Type: SEQUENCE; Schema: public; Owner: avkonste
--

CREATE SEQUENCE public.home_homeservicetwo_id_seq
    AS integer
    START WITH 1
    INCREMENT BY 1
    NO MINVALUE
    NO MAXVALUE
    CACHE 1;


ALTER TABLE public.home_homeservicetwo_id_seq OWNER TO avkonste;

--
-- Name: home_homeservicetwo_id_seq; Type: SEQUENCE OWNED BY; Schema: public; Owner: avkonste
--

ALTER SEQUENCE public.home_homeservicetwo_id_seq OWNED BY public.home_homeservicetwo.id;


--
-- Name: home_homeslideshow; Type: TABLE; Schema: public; Owner: avkonste
--

CREATE TABLE public.home_homeslideshow (
    id integer NOT NULL,
    image character varying(100) NOT NULL
);


ALTER TABLE public.home_homeslideshow OWNER TO avkonste;

--
-- Name: home_homeslideshow_id_seq; Type: SEQUENCE; Schema: public; Owner: avkonste
--

CREATE SEQUENCE public.home_homeslideshow_id_seq
    AS integer
    START WITH 1
    INCREMENT BY 1
    NO MINVALUE
    NO MAXVALUE
    CACHE 1;


ALTER TABLE public.home_homeslideshow_id_seq OWNER TO avkonste;

--
-- Name: home_homeslideshow_id_seq; Type: SEQUENCE OWNED BY; Schema: public; Owner: avkonste
--

ALTER SEQUENCE public.home_homeslideshow_id_seq OWNED BY public.home_homeslideshow.id;


--
-- Name: services_services; Type: TABLE; Schema: public; Owner: avkonste
--

CREATE TABLE public.services_services (
    id integer NOT NULL,
    image character varying(100) NOT NULL,
    title text NOT NULL,
    text text NOT NULL,
    tag text NOT NULL
);


ALTER TABLE public.services_services OWNER TO avkonste;

--
-- Name: services_services_id_seq; Type: SEQUENCE; Schema: public; Owner: avkonste
--

CREATE SEQUENCE public.services_services_id_seq
    AS integer
    START WITH 1
    INCREMENT BY 1
    NO MINVALUE
    NO MAXVALUE
    CACHE 1;


ALTER TABLE public.services_services_id_seq OWNER TO avkonste;

--
-- Name: services_services_id_seq; Type: SEQUENCE OWNED BY; Schema: public; Owner: avkonste
--

ALTER SEQUENCE public.services_services_id_seq OWNED BY public.services_services.id;


--
-- Name: services_subservice; Type: TABLE; Schema: public; Owner: avkonste
--

CREATE TABLE public.services_subservice (
    id integer NOT NULL,
    title text NOT NULL,
    text text NOT NULL,
    service_id integer NOT NULL,
    image character varying(100) NOT NULL
);


ALTER TABLE public.services_subservice OWNER TO avkonste;

--
-- Name: services_subservice_id_seq; Type: SEQUENCE; Schema: public; Owner: avkonste
--

CREATE SEQUENCE public.services_subservice_id_seq
    AS integer
    START WITH 1
    INCREMENT BY 1
    NO MINVALUE
    NO MAXVALUE
    CACHE 1;


ALTER TABLE public.services_subservice_id_seq OWNER TO avkonste;

--
-- Name: services_subservice_id_seq; Type: SEQUENCE OWNED BY; Schema: public; Owner: avkonste
--

ALTER SEQUENCE public.services_subservice_id_seq OWNED BY public.services_subservice.id;


--
-- Name: about_aboutimages id; Type: DEFAULT; Schema: public; Owner: avkonste
--

ALTER TABLE ONLY public.about_aboutimages ALTER COLUMN id SET DEFAULT nextval('public.about_aboutimages_id_seq'::regclass);


--
-- Name: auth_group id; Type: DEFAULT; Schema: public; Owner: avkonste
--

ALTER TABLE ONLY public.auth_group ALTER COLUMN id SET DEFAULT nextval('public.auth_group_id_seq'::regclass);


--
-- Name: auth_group_permissions id; Type: DEFAULT; Schema: public; Owner: avkonste
--

ALTER TABLE ONLY public.auth_group_permissions ALTER COLUMN id SET DEFAULT nextval('public.auth_group_permissions_id_seq'::regclass);


--
-- Name: auth_permission id; Type: DEFAULT; Schema: public; Owner: avkonste
--

ALTER TABLE ONLY public.auth_permission ALTER COLUMN id SET DEFAULT nextval('public.auth_permission_id_seq'::regclass);


--
-- Name: auth_user id; Type: DEFAULT; Schema: public; Owner: avkonste
--

ALTER TABLE ONLY public.auth_user ALTER COLUMN id SET DEFAULT nextval('public.auth_user_id_seq'::regclass);


--
-- Name: auth_user_groups id; Type: DEFAULT; Schema: public; Owner: avkonste
--

ALTER TABLE ONLY public.auth_user_groups ALTER COLUMN id SET DEFAULT nextval('public.auth_user_groups_id_seq'::regclass);


--
-- Name: auth_user_user_permissions id; Type: DEFAULT; Schema: public; Owner: avkonste
--

ALTER TABLE ONLY public.auth_user_user_permissions ALTER COLUMN id SET DEFAULT nextval('public.auth_user_user_permissions_id_seq'::regclass);


--
-- Name: django_admin_log id; Type: DEFAULT; Schema: public; Owner: avkonste
--

ALTER TABLE ONLY public.django_admin_log ALTER COLUMN id SET DEFAULT nextval('public.django_admin_log_id_seq'::regclass);


--
-- Name: django_content_type id; Type: DEFAULT; Schema: public; Owner: avkonste
--

ALTER TABLE ONLY public.django_content_type ALTER COLUMN id SET DEFAULT nextval('public.django_content_type_id_seq'::regclass);


--
-- Name: django_migrations id; Type: DEFAULT; Schema: public; Owner: avkonste
--

ALTER TABLE ONLY public.django_migrations ALTER COLUMN id SET DEFAULT nextval('public.django_migrations_id_seq'::regclass);


--
-- Name: home_homeserviceone id; Type: DEFAULT; Schema: public; Owner: avkonste
--

ALTER TABLE ONLY public.home_homeserviceone ALTER COLUMN id SET DEFAULT nextval('public.home_homeserviceone_id_seq'::regclass);


--
-- Name: home_homeservicethird id; Type: DEFAULT; Schema: public; Owner: avkonste
--

ALTER TABLE ONLY public.home_homeservicethird ALTER COLUMN id SET DEFAULT nextval('public.home_homeservicethird_id_seq'::regclass);


--
-- Name: home_homeservicetwo id; Type: DEFAULT; Schema: public; Owner: avkonste
--

ALTER TABLE ONLY public.home_homeservicetwo ALTER COLUMN id SET DEFAULT nextval('public.home_homeservicetwo_id_seq'::regclass);


--
-- Name: home_homeslideshow id; Type: DEFAULT; Schema: public; Owner: avkonste
--

ALTER TABLE ONLY public.home_homeslideshow ALTER COLUMN id SET DEFAULT nextval('public.home_homeslideshow_id_seq'::regclass);


--
-- Name: services_services id; Type: DEFAULT; Schema: public; Owner: avkonste
--

ALTER TABLE ONLY public.services_services ALTER COLUMN id SET DEFAULT nextval('public.services_services_id_seq'::regclass);


--
-- Name: services_subservice id; Type: DEFAULT; Schema: public; Owner: avkonste
--

ALTER TABLE ONLY public.services_subservice ALTER COLUMN id SET DEFAULT nextval('public.services_subservice_id_seq'::regclass);


--
-- Data for Name: about_aboutimages; Type: TABLE DATA; Schema: public; Owner: avkonste
--

COPY public.about_aboutimages (id, firstupfront, firstupback, secondupfront, secondupback, firstdownfront, firstdownback, seconddownfront, seconddownback) FROM stdin;
2	firstUp/front/Vehicle_servis.jpg	firstUp/back/prepare_of_caravan.jpg	secondUp/front/tankers.jpg	secondUp/back/truck_-_2.jpg	firstDown/front/truck_3.jpg	firstDown/back/truck_-5_ZDmHhI8.jpg	secondDown/front/truck-1.jpg	secondDown/back/Vehicle.jpg
\.


--
-- Data for Name: auth_group; Type: TABLE DATA; Schema: public; Owner: avkonste
--

COPY public.auth_group (id, name) FROM stdin;
\.


--
-- Data for Name: auth_group_permissions; Type: TABLE DATA; Schema: public; Owner: avkonste
--

COPY public.auth_group_permissions (id, group_id, permission_id) FROM stdin;
\.


--
-- Data for Name: auth_permission; Type: TABLE DATA; Schema: public; Owner: avkonste
--

COPY public.auth_permission (id, name, content_type_id, codename) FROM stdin;
53	Can add log entry	14	add_logentry
54	Can change log entry	14	change_logentry
55	Can delete log entry	14	delete_logentry
56	Can view log entry	14	view_logentry
57	Can add permission	15	add_permission
58	Can change permission	15	change_permission
59	Can delete permission	15	delete_permission
60	Can view permission	15	view_permission
61	Can add group	16	add_group
62	Can change group	16	change_group
63	Can delete group	16	delete_group
64	Can view group	16	view_group
65	Can add user	17	add_user
66	Can change user	17	change_user
67	Can delete user	17	delete_user
68	Can view user	17	view_user
69	Can add content type	18	add_contenttype
70	Can change content type	18	change_contenttype
71	Can delete content type	18	delete_contenttype
72	Can view content type	18	view_contenttype
73	Can add session	19	add_session
74	Can change session	19	change_session
75	Can delete session	19	delete_session
76	Can view session	19	view_session
77	Can add Ana səhifənin Xidmət 1-in məlumati	20	add_homeserviceone
78	Can change Ana səhifənin Xidmət 1-in məlumati	20	change_homeserviceone
79	Can delete Ana səhifənin Xidmət 1-in məlumati	20	delete_homeserviceone
80	Can view Ana səhifənin Xidmət 1-in məlumati	20	view_homeserviceone
81	Can add Ana səhifənin Xidmət 3-ün məlumati	21	add_homeservicethird
82	Can change Ana səhifənin Xidmət 3-ün məlumati	21	change_homeservicethird
83	Can delete Ana səhifənin Xidmət 3-ün məlumati	21	delete_homeservicethird
84	Can view Ana səhifənin Xidmət 3-ün məlumati	21	view_homeservicethird
85	Can add Ana səhifənin Xidmət 2-in məlumati	22	add_homeservicetwo
86	Can change Ana səhifənin Xidmət 2-in məlumati	22	change_homeservicetwo
87	Can delete Ana səhifənin Xidmət 2-in məlumati	22	delete_homeservicetwo
88	Can view Ana səhifənin Xidmət 2-in məlumati	22	view_homeservicetwo
89	Can add Ana səhifənin Slaydşou üçün şəkil	23	add_homeslideshow
90	Can change Ana səhifənin Slaydşou üçün şəkil	23	change_homeslideshow
91	Can delete Ana səhifənin Slaydşou üçün şəkil	23	delete_homeslideshow
92	Can view Ana səhifənin Slaydşou üçün şəkil	23	view_homeslideshow
93	Can add Xidmət	24	add_services
94	Can change Xidmət	24	change_services
95	Can delete Xidmət	24	delete_services
96	Can view Xidmət	24	view_services
97	Can add Sub-xidmət	25	add_subservice
98	Can change Sub-xidmət	25	change_subservice
99	Can delete Sub-xidmət	25	delete_subservice
100	Can view Sub-xidmət	25	view_subservice
101	Can add Haqqımızda səhifəsinin şəkilləri	26	add_aboutimages
102	Can change Haqqımızda səhifəsinin şəkilləri	26	change_aboutimages
103	Can delete Haqqımızda səhifəsinin şəkilləri	26	delete_aboutimages
104	Can view Haqqımızda səhifəsinin şəkilləri	26	view_aboutimages
\.


--
-- Data for Name: auth_user; Type: TABLE DATA; Schema: public; Owner: avkonste
--

COPY public.auth_user (id, password, last_login, is_superuser, username, first_name, last_name, email, is_staff, is_active, date_joined) FROM stdin;
1	pbkdf2_sha256$150000$DYtq0zaSyz1i$xAlokG3ItfUD12q/nYqEHDA9Q6gJi6+3cSIBsYNwkq0=	2023-02-28 21:56:24.54+00	t	admin			avkonste@gmail.com	t	t	2023-01-24 08:41:51.573+00
2	pbkdf2_sha256$150000$Gumxbd4pF3Qh$veQDZcACJ0pn394PrDTHa5QeG/QrC41ySzvfuJtULYc=	2023-07-26 13:34:13.10898+00	t	avkonstemmc			avkonste@gmail.com	t	t	2023-03-05 23:26:16.12+00
\.


--
-- Data for Name: auth_user_groups; Type: TABLE DATA; Schema: public; Owner: avkonste
--

COPY public.auth_user_groups (id, user_id, group_id) FROM stdin;
\.


--
-- Data for Name: auth_user_user_permissions; Type: TABLE DATA; Schema: public; Owner: avkonste
--

COPY public.auth_user_user_permissions (id, user_id, permission_id) FROM stdin;
\.


--
-- Data for Name: django_admin_log; Type: TABLE DATA; Schema: public; Owner: avkonste
--

COPY public.django_admin_log (id, action_time, object_id, object_repr, action_flag, change_message, content_type_id, user_id) FROM stdin;
1	2023-01-24 08:42:56.592+00	1	HomeSlideshow object (1)	1	[{"added": {}}]	\N	1
2	2023-01-24 08:42:59.921+00	2	HomeSlideshow object (2)	1	[{"added": {}}]	\N	1
3	2023-01-24 08:43:02.799+00	3	HomeSlideshow object (3)	1	[{"added": {}}]	\N	1
4	2023-01-24 08:43:05.459+00	4	HomeSlideshow object (4)	1	[{"added": {}}]	\N	1
5	2023-01-24 08:43:09.416+00	5	HomeSlideshow object (5)	1	[{"added": {}}]	\N	1
6	2023-01-24 08:43:14.923+00	None	HomeSlideshow object (None)	1	[{"added": {}}]	\N	1
7	2023-01-24 08:43:42.677+00	1	HomeServiceOne object (1)	1	[{"added": {}}]	\N	1
8	2023-01-24 08:44:03.947+00	1	HomeServiceTwo object (1)	1	[{"added": {}}]	\N	1
9	2023-01-24 08:45:04.018+00	1	HomeServiceThird object (1)	1	[{"added": {}}]	\N	1
10	2023-01-24 09:10:01.342+00	1	Services object (1)	1	[{"added": {}}]	\N	1
11	2023-01-24 09:10:16.369+00	2	Services object (2)	1	[{"added": {}}]	\N	1
12	2023-01-24 09:10:39.422+00	3	Services object (3)	1	[{"added": {}}]	\N	1
13	2023-01-24 09:11:02.285+00	4	Services object (4)	1	[{"added": {}}]	\N	1
14	2023-01-24 09:16:58.797+00	3	Services object (3)	2	[{"changed": {"fields": ["text"]}}]	\N	1
15	2023-01-24 09:17:10.927+00	2	Services object (2)	2	[{"changed": {"fields": ["text"]}}]	\N	1
16	2023-01-24 09:17:18.925+00	4	Services object (4)	2	[{"changed": {"fields": ["text"]}}]	\N	1
17	2023-01-24 09:17:27.161+00	1	Services object (1)	2	[{"changed": {"fields": ["text"]}}]	\N	1
18	2023-01-24 10:10:37.943+00	4	Services object (4)	3		\N	1
19	2023-01-24 10:10:37.949+00	3	Services object (3)	3		\N	1
20	2023-01-24 10:21:01.826+00	5	Services object (5)	1	[{"added": {}}]	\N	1
21	2023-01-24 17:45:53.937+00	1	AboutImages object (1)	1	[{"added": {}}]	\N	1
22	2023-01-25 14:16:49.122+00	6	Services object (6)	1	[{"added": {}}]	\N	1
23	2023-01-25 14:17:55.118+00	1	Services object (1)	2	[{"changed": {"fields": ["text"]}}]	\N	1
24	2023-01-25 20:07:36.618+00	5	Services object (5)	2	[{"changed": {"fields": ["title", "text"]}}]	\N	1
25	2023-01-25 20:08:02.798+00	6	Services object (6)	2	[{"changed": {"fields": ["title", "text"]}}]	\N	1
26	2023-01-25 20:08:26.457+00	2	Services object (2)	2	[{"changed": {"fields": ["text"]}}]	\N	1
27	2023-01-25 20:11:33.845+00	1	HomeServiceOne object (1)	2	[{"changed": {"fields": ["title", "text"]}}]	\N	1
28	2023-01-25 20:13:45.725+00	1	HomeServiceTwo object (1)	2	[{"changed": {"fields": ["title", "text"]}}]	\N	1
29	2023-01-25 20:16:03.246+00	1	HomeServiceThird object (1)	2	[{"changed": {"fields": ["image", "title", "text"]}}]	\N	1
30	2023-01-25 20:17:04.256+00	1	HomeServiceTwo object (1)	2	[{"changed": {"fields": ["image"]}}]	\N	1
31	2023-01-25 20:18:14.091+00	1	HomeServiceTwo object (1)	2	[{"changed": {"fields": ["image"]}}]	\N	1
32	2023-01-25 20:18:30.251+00	1	HomeServiceTwo object (1)	2	[{"changed": {"fields": ["image"]}}]	\N	1
33	2023-01-25 20:18:46.339+00	1	HomeServiceOne object (1)	2	[{"changed": {"fields": ["image"]}}]	\N	1
34	2023-01-26 04:28:40.83+00	7	Services object (7)	1	[{"added": {}}]	\N	1
35	2023-01-26 04:31:05.638+00	2	AboutImages object (2)	1	[{"added": {}}]	\N	1
36	2023-01-26 04:31:25.997+00	1	AboutImages object (1)	3		\N	1
37	2023-02-28 21:56:45.63+00	1	sa	1	[{"added": {}}]	\N	1
38	2023-02-28 21:58:00.81+00	1	sa	3		\N	1
39	2023-02-28 21:58:13.796+00	2	hah.db	1	[{"added": {}}]	\N	1
40	2023-02-28 21:58:29.835+00	2	db.sqlite3	2	[{"changed": {"fields": ["field1"]}}]	\N	1
41	2023-03-06 13:03:39.328449+00	7	Services object (7)	3		\N	2
42	2023-03-14 12:22:47.255737+00	6	Services object (6)	2	[{"changed": {"fields": ["tag"]}}]	24	2
43	2023-03-14 12:23:09.131491+00	2	Services object (2)	2	[{"changed": {"fields": ["tag"]}}]	24	2
44	2023-03-14 12:23:28.360622+00	1	Services object (1)	2	[{"changed": {"fields": ["tag"]}}]	24	2
45	2023-03-14 12:23:37.908881+00	5	Services object (5)	2	[{"changed": {"fields": ["tag"]}}]	24	2
46	2023-03-14 12:24:22.581288+00	1	Services object (1)	2	[{"added": {"name": "Sub-xidm\\u0259t", "object": "SubService object (1)"}}]	24	2
47	2023-03-14 12:25:52.966211+00	2	Services object (2)	2	[{"added": {"name": "Sub-xidm\\u0259t", "object": "SubService object (2)"}}]	24	2
48	2023-03-14 12:26:21.019647+00	5	Services object (5)	2	[{"added": {"name": "Sub-xidm\\u0259t", "object": "SubService object (3)"}}]	24	2
49	2023-03-14 12:26:38.673977+00	6	Services object (6)	2	[{"added": {"name": "Sub-xidm\\u0259t", "object": "SubService object (4)"}}]	24	2
50	2023-03-16 05:54:11.724717+00	6	Services object (6)	2	[{"changed": {"fields": ["text"]}}]	24	2
51	2023-03-16 08:21:19.738623+00	6	Services object (6)	2	[{"changed": {"name": "Sub-xidm\\u0259t", "object": "SubService object (4)", "fields": ["text"]}}]	24	2
52	2023-03-16 08:37:51.802407+00	6	Services object (6)	2	[{"changed": {"name": "Sub-xidm\\u0259t", "object": "SubService object (4)", "fields": ["text"]}}]	24	2
53	2023-03-16 11:12:23.504781+00	6	Services object (6)	2	[{"changed": {"name": "Sub-xidm\\u0259t", "object": "SubService object (4)", "fields": ["text"]}}]	24	2
54	2023-03-16 11:27:38.340401+00	6	Services object (6)	2	[{"changed": {"name": "Sub-xidm\\u0259t", "object": "SubService object (4)", "fields": ["text"]}}]	24	2
55	2023-03-16 11:33:05.631207+00	6	Services object (6)	2	[{"changed": {"fields": ["text"]}}]	24	2
56	2023-03-16 11:36:45.562125+00	6	Services object (6)	2	[{"changed": {"fields": ["text"]}}]	24	2
57	2023-03-16 11:37:23.823242+00	1	HomeServiceTwo object (1)	2	[{"changed": {"fields": ["text"]}}]	22	2
58	2023-03-16 11:40:27.125842+00	1	HomeServiceTwo object (1)	2	[{"changed": {"fields": ["text"]}}]	22	2
59	2023-03-16 11:41:13.02451+00	6	Services object (6)	2	[{"changed": {"fields": ["text"]}}]	24	2
60	2023-03-20 18:15:57.566942+00	1	HomeServiceOne object (1)	3		20	2
61	2023-03-20 18:16:20.830799+00	1	HomeServiceThird object (1)	3		21	2
62	2023-03-20 18:18:27.707861+00	1	HomeSlideshow object (1)	2	[{"changed": {"fields": ["image"]}}]	23	2
63	2023-03-20 18:18:43.148819+00	2	HomeSlideshow object (2)	2	[{"changed": {"fields": ["image"]}}]	23	2
64	2023-03-20 18:19:14.933598+00	3	HomeSlideshow object (3)	2	[{"changed": {"fields": ["image"]}}]	23	2
65	2023-03-20 21:23:43.048785+00	1	HomeSlideshow object (1)	2	[{"changed": {"fields": ["image"]}}]	23	2
66	2023-03-20 21:23:57.322902+00	2	HomeSlideshow object (2)	2	[{"changed": {"fields": ["image"]}}]	23	2
67	2023-03-20 21:26:35.290958+00	3	HomeSlideshow object (3)	3		23	2
68	2023-03-20 21:28:22.397608+00	2	HomeServiceOne object (2)	1	[{"added": {}}]	20	2
69	2023-03-20 21:28:40.765308+00	2	HomeServiceThird object (2)	1	[{"added": {}}]	21	2
70	2023-03-20 21:30:12.173307+00	1	HomeSlideshow object (1)	2	[{"changed": {"fields": ["image"]}}]	23	2
71	2023-03-20 21:30:32.296211+00	2	HomeSlideshow object (2)	2	[{"changed": {"fields": ["image"]}}]	23	2
72	2023-03-20 21:30:46.653041+00	4	HomeSlideshow object (4)	2	[{"changed": {"fields": ["image"]}}]	23	2
73	2023-03-20 21:38:39.66954+00	6	HomeSlideshow object (6)	1	[{"added": {}}]	23	2
74	2023-03-20 21:40:15.079235+00	6	HomeSlideshow object (6)	2	[{"changed": {"fields": ["image"]}}]	23	2
75	2023-03-20 21:43:47.772872+00	2	HomeServiceOne object (2)	2	[{"changed": {"fields": ["title", "text"]}}]	20	2
76	2023-03-20 21:46:10.090739+00	2	HomeServiceThird object (2)	2	[{"changed": {"fields": ["title", "text"]}}]	21	2
77	2023-03-20 21:48:16.269783+00	2	HomeServiceOne object (2)	2	[{"changed": {"fields": ["title", "text"]}}]	20	2
78	2023-03-20 21:50:06.364862+00	2	HomeServiceThird object (2)	2	[{"changed": {"fields": ["title", "text"]}}]	21	2
79	2023-03-20 22:01:12.618528+00	4	HomeSlideshow object (4)	2	[{"changed": {"fields": ["image"]}}]	23	2
80	2023-03-20 22:02:02.299128+00	2	HomeSlideshow object (2)	2	[{"changed": {"fields": ["image"]}}]	23	2
81	2023-07-21 20:37:38.864337+00	6	Services object (6)	2	[{"changed": {"fields": ["image"]}}]	24	2
82	2023-07-21 20:39:49.189591+00	6	Services object (6)	2	[{"changed": {"name": "Sub-xidm\\u0259t", "object": "SubService object (4)", "fields": ["image"]}}]	24	2
83	2023-07-21 20:40:33.515873+00	1	Services object (1)	2	[{"changed": {"name": "Sub-xidm\\u0259t", "object": "SubService object (1)", "fields": ["image"]}}]	24	2
84	2023-07-21 20:41:23.101712+00	1	Services object (1)	2	[{"changed": {"fields": ["image"]}}, {"changed": {"name": "Sub-xidm\\u0259t", "object": "SubService object (1)", "fields": ["image"]}}]	24	2
85	2023-07-21 20:42:31.701799+00	2	Services object (2)	2	[{"changed": {"fields": ["image", "tag"]}}, {"changed": {"name": "Sub-xidm\\u0259t", "object": "SubService object (2)", "fields": ["image", "title"]}}]	24	2
86	2023-07-21 20:43:37.303699+00	5	Services object (5)	2	[{"changed": {"fields": ["image"]}}, {"changed": {"name": "Sub-xidm\\u0259t", "object": "SubService object (3)", "fields": ["image"]}}]	24	2
87	2023-07-21 20:45:58.079703+00	8	Services object (8)	1	[{"added": {}}, {"added": {"name": "Sub-xidm\\u0259t", "object": "SubService object (5)"}}]	24	2
88	2023-07-21 20:47:29.254776+00	9	Services object (9)	1	[{"added": {}}, {"added": {"name": "Sub-xidm\\u0259t", "object": "SubService object (6)"}}]	24	2
89	2023-07-21 20:49:22.144248+00	10	Services object (10)	1	[{"added": {}}, {"added": {"name": "Sub-xidm\\u0259t", "object": "SubService object (7)"}}]	24	2
90	2023-07-21 20:54:41.565841+00	11	Services object (11)	1	[{"added": {}}, {"added": {"name": "Sub-xidm\\u0259t", "object": "SubService object (8)"}}]	24	2
91	2023-07-21 20:56:48.93611+00	5	HomeSlideshow object (5)	2	[{"changed": {"fields": ["image"]}}]	23	2
92	2023-07-21 20:57:33.315781+00	6	HomeSlideshow object (6)	2	[{"changed": {"fields": ["image"]}}]	23	2
93	2023-07-21 20:59:11.540998+00	1	HomeSlideshow object (1)	2	[{"changed": {"fields": ["image"]}}]	23	2
94	2023-07-21 21:03:01.249762+00	1	HomeSlideshow object (1)	2	[{"changed": {"fields": ["image"]}}]	23	2
\.


--
-- Data for Name: django_content_type; Type: TABLE DATA; Schema: public; Owner: avkonste
--

COPY public.django_content_type (id, app_label, model) FROM stdin;
14	admin	logentry
15	auth	permission
16	auth	group
17	auth	user
18	contenttypes	contenttype
19	sessions	session
20	home	homeserviceone
21	home	homeservicethird
22	home	homeservicetwo
23	home	homeslideshow
24	services	services
25	services	subservice
26	about	aboutimages
\.


--
-- Data for Name: django_migrations; Type: TABLE DATA; Schema: public; Owner: avkonste
--

COPY public.django_migrations (id, app, name, applied) FROM stdin;
1	about	0001_initial	2023-03-06 13:02:20.063223+00
2	contenttypes	0001_initial	2023-03-06 13:02:20.082101+00
3	auth	0001_initial	2023-03-06 13:02:20.137523+00
4	admin	0001_initial	2023-03-06 13:02:20.216542+00
5	admin	0002_logentry_remove_auto_add	2023-03-06 13:02:20.244079+00
6	admin	0003_logentry_add_action_flag_choices	2023-03-06 13:02:20.257546+00
7	contenttypes	0002_remove_content_type_name	2023-03-06 13:02:20.287778+00
8	auth	0002_alter_permission_name_max_length	2023-03-06 13:02:20.297144+00
9	auth	0003_alter_user_email_max_length	2023-03-06 13:02:20.311548+00
10	auth	0004_alter_user_username_opts	2023-03-06 13:02:20.325282+00
11	auth	0005_alter_user_last_login_null	2023-03-06 13:02:20.339961+00
12	auth	0006_require_contenttypes_0002	2023-03-06 13:02:20.34351+00
13	auth	0007_alter_validators_add_error_messages	2023-03-06 13:02:20.359627+00
14	auth	0008_alter_user_username_max_length	2023-03-06 13:02:20.378076+00
15	auth	0009_alter_user_last_name_max_length	2023-03-06 13:02:20.392112+00
16	auth	0010_alter_group_name_max_length	2023-03-06 13:02:20.404369+00
17	auth	0011_update_proxy_permissions	2023-03-06 13:02:20.417281+00
18	home	0001_initial	2023-03-06 13:02:20.452395+00
19	home	0002_auto_20230125_0137	2023-03-06 13:02:20.484798+00
20	home	0003_mymodel	2023-03-06 13:02:20.496811+00
21	home	0004_delete_mymodel	2023-03-06 13:02:20.503792+00
22	services	0001_initial	2023-03-06 13:02:20.518884+00
23	services	0002_auto_20230124_1726	2023-03-06 13:02:20.525696+00
24	sessions	0001_initial	2023-03-06 13:02:20.538464+00
25	services	0003_services_tag	2023-03-14 12:17:07.276786+00
26	services	0004_auto_20230307_0236	2023-03-14 12:17:07.284887+00
27	services	0005_auto_20230307_0236	2023-03-14 12:17:07.293041+00
28	services	0006_auto_20230307_0306	2023-03-14 12:17:07.327482+00
29	services	0007_auto_20230307_0309	2023-03-14 12:17:07.375959+00
\.


--
-- Data for Name: django_session; Type: TABLE DATA; Schema: public; Owner: avkonste
--

COPY public.django_session (session_key, session_data, expire_date) FROM stdin;
0kt1jt7987f8cfe2m2lhs3dzfn9i0zj2	NmYwYzA3NWM1ZTc4ZjIyMThkYzhhZjY4M2I2NTM2Y2YxNTgwYzM4NDp7Il9hdXRoX3VzZXJfaWQiOiIxIiwiX2F1dGhfdXNlcl9iYWNrZW5kIjoiZGphbmdvLmNvbnRyaWIuYXV0aC5iYWNrZW5kcy5Nb2RlbEJhY2tlbmQiLCJfYXV0aF91c2VyX2hhc2giOiJkZGRjMTViZGViOTdiNDRlZDI0N2ZiOGQ2ZTZhNDNiZDkyMzFlMjEyIn0=	2023-03-14 21:56:24.54+00
2usyj8yg2z28e6uf0nov42vlt01vgei4	NmYwYzA3NWM1ZTc4ZjIyMThkYzhhZjY4M2I2NTM2Y2YxNTgwYzM4NDp7Il9hdXRoX3VzZXJfaWQiOiIxIiwiX2F1dGhfdXNlcl9iYWNrZW5kIjoiZGphbmdvLmNvbnRyaWIuYXV0aC5iYWNrZW5kcy5Nb2RlbEJhY2tlbmQiLCJfYXV0aF91c2VyX2hhc2giOiJkZGRjMTViZGViOTdiNDRlZDI0N2ZiOGQ2ZTZhNDNiZDkyMzFlMjEyIn0=	2023-03-14 21:52:46.254+00
3xepwuj2rcuwjpcnepro3wjzljsmwfzt	YzMxZWQ5MzQ1NmM0YmJkNTRmZGRjY2VhMGY0ZTk5OGUwNzhjN2QyYTp7Il9hdXRoX3VzZXJfaWQiOiIxIiwiX2F1dGhfdXNlcl9iYWNrZW5kIjoiZGphbmdvLmNvbnRyaWIuYXV0aC5iYWNrZW5kcy5Nb2RlbEJhY2tlbmQiLCJfYXV0aF91c2VyX2hhc2giOiJkYjYzNjQ1NTFlOTNjY2Y0NDdlN2QzMGJjMThhMDZjMjlkNjVhYWM3In0=	2023-02-07 17:15:02.63+00
mzorydw2rswqcnqwsceolokzo7t517p3	.eJxVjEEOwiAQRe_C2hAYpDIu3XsGMnQGqRpISrsy3l2bdKHb_977LxVpXUpcu8xxYnVWVh1-t0TjQ-oG-E711vTY6jJPSW-K3mnX18byvOzu30GhXr41ZraB_AkcekDr2MjgbUAAIjlmkOTQBaaA2RkGm0UGYaFkKLmQQL0_0rM4Mg:1pKK06:EK0ATLsWePQUROMZSHC4UIgoQn1JapfC5kPJk8jtDUQ	2023-02-07 10:10:14.037+00
e8uoossg9qfwnyhekq5mamqm9lj5mhke	YjdiNDllN2Y3YTJkZTMxMjIzMWRjMzg2MTgwZTljNjk2OGRlZDljMDp7Il9hdXRoX3VzZXJfaWQiOiIyIiwiX2F1dGhfdXNlcl9iYWNrZW5kIjoiZGphbmdvLmNvbnRyaWIuYXV0aC5iYWNrZW5kcy5Nb2RlbEJhY2tlbmQiLCJfYXV0aF91c2VyX2hhc2giOiIyMmExZDc3M2ZmYjQ1NzgyNzc4Y2VkNzUyMDNkNTk3ZmM0MGVhNDAwIn0=	2023-03-20 13:03:22.374021+00
pxn2c309t8lrsx0bbqd83pe5cnq8zxro	YjdiNDllN2Y3YTJkZTMxMjIzMWRjMzg2MTgwZTljNjk2OGRlZDljMDp7Il9hdXRoX3VzZXJfaWQiOiIyIiwiX2F1dGhfdXNlcl9iYWNrZW5kIjoiZGphbmdvLmNvbnRyaWIuYXV0aC5iYWNrZW5kcy5Nb2RlbEJhY2tlbmQiLCJfYXV0aF91c2VyX2hhc2giOiIyMmExZDc3M2ZmYjQ1NzgyNzc4Y2VkNzUyMDNkNTk3ZmM0MGVhNDAwIn0=	2023-03-20 22:17:47.115947+00
wbcofv1ndujpix82ixo1crid0d4lid1x	YjdiNDllN2Y3YTJkZTMxMjIzMWRjMzg2MTgwZTljNjk2OGRlZDljMDp7Il9hdXRoX3VzZXJfaWQiOiIyIiwiX2F1dGhfdXNlcl9iYWNrZW5kIjoiZGphbmdvLmNvbnRyaWIuYXV0aC5iYWNrZW5kcy5Nb2RlbEJhY2tlbmQiLCJfYXV0aF91c2VyX2hhc2giOiIyMmExZDc3M2ZmYjQ1NzgyNzc4Y2VkNzUyMDNkNTk3ZmM0MGVhNDAwIn0=	2023-03-22 08:45:57.361254+00
53eu1tvfd3t5y8qxjwnuw7z4e3cjflk0	YjdiNDllN2Y3YTJkZTMxMjIzMWRjMzg2MTgwZTljNjk2OGRlZDljMDp7Il9hdXRoX3VzZXJfaWQiOiIyIiwiX2F1dGhfdXNlcl9iYWNrZW5kIjoiZGphbmdvLmNvbnRyaWIuYXV0aC5iYWNrZW5kcy5Nb2RlbEJhY2tlbmQiLCJfYXV0aF91c2VyX2hhc2giOiIyMmExZDc3M2ZmYjQ1NzgyNzc4Y2VkNzUyMDNkNTk3ZmM0MGVhNDAwIn0=	2023-03-24 18:30:11.511764+00
dl3pgojek8ggdizhdj2i24x9wbu9wmdz	YjdiNDllN2Y3YTJkZTMxMjIzMWRjMzg2MTgwZTljNjk2OGRlZDljMDp7Il9hdXRoX3VzZXJfaWQiOiIyIiwiX2F1dGhfdXNlcl9iYWNrZW5kIjoiZGphbmdvLmNvbnRyaWIuYXV0aC5iYWNrZW5kcy5Nb2RlbEJhY2tlbmQiLCJfYXV0aF91c2VyX2hhc2giOiIyMmExZDc3M2ZmYjQ1NzgyNzc4Y2VkNzUyMDNkNTk3ZmM0MGVhNDAwIn0=	2023-04-13 11:03:27.145601+00
bpfqmdmjf7a2l8mzasczseolrdxztme2	YjdiNDllN2Y3YTJkZTMxMjIzMWRjMzg2MTgwZTljNjk2OGRlZDljMDp7Il9hdXRoX3VzZXJfaWQiOiIyIiwiX2F1dGhfdXNlcl9iYWNrZW5kIjoiZGphbmdvLmNvbnRyaWIuYXV0aC5iYWNrZW5kcy5Nb2RlbEJhY2tlbmQiLCJfYXV0aF91c2VyX2hhc2giOiIyMmExZDc3M2ZmYjQ1NzgyNzc4Y2VkNzUyMDNkNTk3ZmM0MGVhNDAwIn0=	2023-03-30 05:41:54.207083+00
xi22kt7p06ai9ke08qmy82y277hs14ve	YjdiNDllN2Y3YTJkZTMxMjIzMWRjMzg2MTgwZTljNjk2OGRlZDljMDp7Il9hdXRoX3VzZXJfaWQiOiIyIiwiX2F1dGhfdXNlcl9iYWNrZW5kIjoiZGphbmdvLmNvbnRyaWIuYXV0aC5iYWNrZW5kcy5Nb2RlbEJhY2tlbmQiLCJfYXV0aF91c2VyX2hhc2giOiIyMmExZDc3M2ZmYjQ1NzgyNzc4Y2VkNzUyMDNkNTk3ZmM0MGVhNDAwIn0=	2023-03-30 08:18:54.742316+00
fhaa2fsugwxyv402ib911mroksc4nj1t	YjdiNDllN2Y3YTJkZTMxMjIzMWRjMzg2MTgwZTljNjk2OGRlZDljMDp7Il9hdXRoX3VzZXJfaWQiOiIyIiwiX2F1dGhfdXNlcl9iYWNrZW5kIjoiZGphbmdvLmNvbnRyaWIuYXV0aC5iYWNrZW5kcy5Nb2RlbEJhY2tlbmQiLCJfYXV0aF91c2VyX2hhc2giOiIyMmExZDc3M2ZmYjQ1NzgyNzc4Y2VkNzUyMDNkNTk3ZmM0MGVhNDAwIn0=	2023-04-03 18:35:47.559629+00
vwxla0qm7dfg55ci7q4h7uy1mx48gzq0	YjdiNDllN2Y3YTJkZTMxMjIzMWRjMzg2MTgwZTljNjk2OGRlZDljMDp7Il9hdXRoX3VzZXJfaWQiOiIyIiwiX2F1dGhfdXNlcl9iYWNrZW5kIjoiZGphbmdvLmNvbnRyaWIuYXV0aC5iYWNrZW5kcy5Nb2RlbEJhY2tlbmQiLCJfYXV0aF91c2VyX2hhc2giOiIyMmExZDc3M2ZmYjQ1NzgyNzc4Y2VkNzUyMDNkNTk3ZmM0MGVhNDAwIn0=	2023-04-03 21:42:30.768746+00
gvy4iu1ftbdc4ypzszbk3y4sf60q8r2j	YjdiNDllN2Y3YTJkZTMxMjIzMWRjMzg2MTgwZTljNjk2OGRlZDljMDp7Il9hdXRoX3VzZXJfaWQiOiIyIiwiX2F1dGhfdXNlcl9iYWNrZW5kIjoiZGphbmdvLmNvbnRyaWIuYXV0aC5iYWNrZW5kcy5Nb2RlbEJhY2tlbmQiLCJfYXV0aF91c2VyX2hhc2giOiIyMmExZDc3M2ZmYjQ1NzgyNzc4Y2VkNzUyMDNkNTk3ZmM0MGVhNDAwIn0=	2023-04-03 21:43:22.468301+00
xhne7p5ft5w3lyug0m948qcymhy8kmuv	YjdiNDllN2Y3YTJkZTMxMjIzMWRjMzg2MTgwZTljNjk2OGRlZDljMDp7Il9hdXRoX3VzZXJfaWQiOiIyIiwiX2F1dGhfdXNlcl9iYWNrZW5kIjoiZGphbmdvLmNvbnRyaWIuYXV0aC5iYWNrZW5kcy5Nb2RlbEJhY2tlbmQiLCJfYXV0aF91c2VyX2hhc2giOiIyMmExZDc3M2ZmYjQ1NzgyNzc4Y2VkNzUyMDNkNTk3ZmM0MGVhNDAwIn0=	2023-04-08 15:59:51.472175+00
nhtvqvxugxhzsidq9ho90w9kbujyh35x	YjdiNDllN2Y3YTJkZTMxMjIzMWRjMzg2MTgwZTljNjk2OGRlZDljMDp7Il9hdXRoX3VzZXJfaWQiOiIyIiwiX2F1dGhfdXNlcl9iYWNrZW5kIjoiZGphbmdvLmNvbnRyaWIuYXV0aC5iYWNrZW5kcy5Nb2RlbEJhY2tlbmQiLCJfYXV0aF91c2VyX2hhc2giOiIyMmExZDc3M2ZmYjQ1NzgyNzc4Y2VkNzUyMDNkNTk3ZmM0MGVhNDAwIn0=	2023-04-16 18:26:56.925277+00
jnfy8dm7c9804scnn1hry9wt516wb5ls	YjdiNDllN2Y3YTJkZTMxMjIzMWRjMzg2MTgwZTljNjk2OGRlZDljMDp7Il9hdXRoX3VzZXJfaWQiOiIyIiwiX2F1dGhfdXNlcl9iYWNrZW5kIjoiZGphbmdvLmNvbnRyaWIuYXV0aC5iYWNrZW5kcy5Nb2RlbEJhY2tlbmQiLCJfYXV0aF91c2VyX2hhc2giOiIyMmExZDc3M2ZmYjQ1NzgyNzc4Y2VkNzUyMDNkNTk3ZmM0MGVhNDAwIn0=	2023-04-29 00:47:35.151607+00
dloquqbqpdkxx2l9tq1lgxwhrvaoyw65	YjdiNDllN2Y3YTJkZTMxMjIzMWRjMzg2MTgwZTljNjk2OGRlZDljMDp7Il9hdXRoX3VzZXJfaWQiOiIyIiwiX2F1dGhfdXNlcl9iYWNrZW5kIjoiZGphbmdvLmNvbnRyaWIuYXV0aC5iYWNrZW5kcy5Nb2RlbEJhY2tlbmQiLCJfYXV0aF91c2VyX2hhc2giOiIyMmExZDc3M2ZmYjQ1NzgyNzc4Y2VkNzUyMDNkNTk3ZmM0MGVhNDAwIn0=	2023-05-17 20:36:05.447134+00
yn67ebiklib46l1bg4jb9ha0li788a9c	YjdiNDllN2Y3YTJkZTMxMjIzMWRjMzg2MTgwZTljNjk2OGRlZDljMDp7Il9hdXRoX3VzZXJfaWQiOiIyIiwiX2F1dGhfdXNlcl9iYWNrZW5kIjoiZGphbmdvLmNvbnRyaWIuYXV0aC5iYWNrZW5kcy5Nb2RlbEJhY2tlbmQiLCJfYXV0aF91c2VyX2hhc2giOiIyMmExZDc3M2ZmYjQ1NzgyNzc4Y2VkNzUyMDNkNTk3ZmM0MGVhNDAwIn0=	2023-08-03 16:29:52.144379+00
z196hi8cvqoalu634zwkc8m6wpxu97yv	YjdiNDllN2Y3YTJkZTMxMjIzMWRjMzg2MTgwZTljNjk2OGRlZDljMDp7Il9hdXRoX3VzZXJfaWQiOiIyIiwiX2F1dGhfdXNlcl9iYWNrZW5kIjoiZGphbmdvLmNvbnRyaWIuYXV0aC5iYWNrZW5kcy5Nb2RlbEJhY2tlbmQiLCJfYXV0aF91c2VyX2hhc2giOiIyMmExZDc3M2ZmYjQ1NzgyNzc4Y2VkNzUyMDNkNTk3ZmM0MGVhNDAwIn0=	2023-08-04 10:20:49.507494+00
cfy1arh0356ig4tt4lgs8ex31ykn0qnd	YjdiNDllN2Y3YTJkZTMxMjIzMWRjMzg2MTgwZTljNjk2OGRlZDljMDp7Il9hdXRoX3VzZXJfaWQiOiIyIiwiX2F1dGhfdXNlcl9iYWNrZW5kIjoiZGphbmdvLmNvbnRyaWIuYXV0aC5iYWNrZW5kcy5Nb2RlbEJhY2tlbmQiLCJfYXV0aF91c2VyX2hhc2giOiIyMmExZDc3M2ZmYjQ1NzgyNzc4Y2VkNzUyMDNkNTk3ZmM0MGVhNDAwIn0=	2023-08-04 20:37:01.02637+00
xinjce06479n0ha9upxzvp4fa88kjxlr	YjdiNDllN2Y3YTJkZTMxMjIzMWRjMzg2MTgwZTljNjk2OGRlZDljMDp7Il9hdXRoX3VzZXJfaWQiOiIyIiwiX2F1dGhfdXNlcl9iYWNrZW5kIjoiZGphbmdvLmNvbnRyaWIuYXV0aC5iYWNrZW5kcy5Nb2RlbEJhY2tlbmQiLCJfYXV0aF91c2VyX2hhc2giOiIyMmExZDc3M2ZmYjQ1NzgyNzc4Y2VkNzUyMDNkNTk3ZmM0MGVhNDAwIn0=	2023-08-09 13:34:13.114097+00
\.


--
-- Data for Name: home_homeserviceone; Type: TABLE DATA; Schema: public; Owner: avkonste
--

COPY public.home_homeserviceone (id, image, title, text) FROM stdin;
2	home_service1_images/service_photo_rPEa3s7.jpg	Evakuator	Yeni tankların inkişafı ümumiyyətlə müəyyən bir müəssisədə və ya müəyyən bir müştəri üçün mayelərin saxlanması üçün yeni tankların yaradılması və istehsalı prosesidir. Buraya tankların dizaynı, istehsalı, quraşdırılması və sınaqdan keçirilməsi daxil ola bilər.
\.


--
-- Data for Name: home_homeservicethird; Type: TABLE DATA; Schema: public; Owner: avkonste
--

COPY public.home_homeservicethird (id, image, title, text) FROM stdin;
2	home_service3_images/Vehicle_servis_HPrk3mO.jpg	Çən	Yeni tankların inkişafı ümumiyyətlə müəyyən bir müəssisədə və ya müəyyən bir müştəri üçün mayelərin saxlanması üçün yeni tankların yaradılması və istehsalı prosesidir. Buraya tankların dizaynı, istehsalı, quraşdırılması və sınaqdan keçirilməsi daxil ola bilər.
\.


--
-- Data for Name: home_homeservicetwo; Type: TABLE DATA; Schema: public; Owner: avkonste
--

COPY public.home_homeservicetwo (id, image, title, text) FROM stdin;
1	home_service2_images/prepare_of_caravan_OEvRsRz.jpg	Karavanların hazırlanması	Karavanları macəraçıların sevimli avtomobillərindən biridir. Təbiət qoynunda və ya şəhərdən uzaq yerlərə səyahət etmək və məskunlaşmaq üçün nəzərdə tutulmuş bu karvanlar çətin relyef şəraitində belə davamlı və faydalıdır. Biz həm yol həm də yolsuzluq Karavanlarının dizaynı, istehsalı və satışı üzrə ixtisaslaşmışıq.
\.


--
-- Data for Name: home_homeslideshow; Type: TABLE DATA; Schema: public; Owner: avkonste
--

COPY public.home_homeslideshow (id, image) FROM stdin;
4	home_slideshow_images/202E672C-D394-4F87-BAD7-88AA29EAC1B3_2.jpeg
2	home_slideshow_images/1E4FCBE7-92E1-40A8-AF21-C24DD8C9CD3C_2.jpeg
5	home_slideshow_images/IMG-20230722-WA0046.jpg
6	home_slideshow_images/IMG-20230722-WA0010.jpg
1	home_slideshow_images/IMG-20230722-WA0024.jpg
\.


--
-- Data for Name: services_services; Type: TABLE DATA; Schema: public; Owner: avkonste
--

COPY public.services_services (id, image, title, text, tag) FROM stdin;
10	services_images/CD8F1CE1-DFF7-4A0A-8B70-BF99C867440D.jpeg	Yük aparan maşın’nın hazırlanması	Yük aparan maşın haqqında	Yük aparan maşın
11	services_images/DDADA9E6-C634-4CA4-BC6A-078239343563.jpeg	Yeni çənlərin maşınsız formasının hazırlanması	Yeni çənlərin maşınsız formasının haqqında	Maşınsız Çən
6	services_images/1A5ADA61-CE0C-44DD-8219-5C52064997E8.jpeg	Karavanların hazırlanması	Karavanları macəraçıların sevimli avtomobillərindən biridir. Təbiət qoynunda və ya şəhərdən uzaq yerlərə səyahət etmək və məskunlaşmaq üçün nəzərdə tutulmuş bu karvanlar çətin relyef şəraitində belə davamlı və faydalıdır. Biz həm yol həm də yolsuzluq Karavanlarının dizaynı, istehsalı və satışı üzrə ixtisaslaşmışıq.	Karavan
1	services_images/58A5A0AB-041F-40B9-AB28-DE190BC9B2D1.jpeg	Yeni çənlərin (tankerlərin) hazırlanması	Yeni tankların inkişafı ümumiyyətlə müəyyən bir müəssisədə və ya müəyyən bir müştəri üçün mayelərin saxlanması üçün yeni tankların yaradılması və istehsalı prosesidir. Buraya tankların dizaynı, istehsalı, quraşdırılması və sınaqdan keçirilməsi daxil ola bilər.	Yeni çənlər
2	services_images/30586622-1CB1-4800-A411-ACB219A9A6DA.jpeg	Maşınlarda konstruktiv təmir və dəyişikliklərin edilməsi	Yeni tankların inkişafı ümumiyyətlə müəyyən bir müəssisədə və ya müəyyən bir müştəri üçün mayelərin saxlanması üçün yeni tankların yaradılması və istehsalı prosesidir. Buraya tankların dizaynı, istehsalı, quraşdırılması və sınaqdan keçirilməsi daxil ola bilər.	Dolu
5	services_images/54A87599-2936-4C16-99D2-F607C4C02366.jpeg	Yeni evakuator platrofmasının yığılaraq hazırlanması	Yeni tankların inkişafı ümumiyyətlə müəyyən bir müəssisədə və ya müəyyən bir müştəri üçün mayelərin saxlanması üçün yeni tankların yaradılması və istehsalı prosesidir. Buraya tankların dizaynı, istehsalı, quraşdırılması və sınaqdan keçirilməsi daxil ola bilər.	Yeni evakuator
8	services_images/DF3E3741-57EC-4348-A406-9281D5855FE2.jpeg	Yük maşın’nın hazırlanması	Yük maşını haqqında	Yük Maşını
9	services_images/AD2076C6-9C83-4C7D-BBF7-71CCA17B896B.jpeg	Beton qarışdıran maşın’nın hazırlanması	Beton maşını haqqında	Beton qarışdıran
\.


--
-- Data for Name: services_subservice; Type: TABLE DATA; Schema: public; Owner: avkonste
--

COPY public.services_subservice (id, title, text, service_id, image) FROM stdin;
4	Karavan	Hazırladığımız offroad KARAVAN`lar yolsuzluq şəraitində sizi tam rahatlıqla təmin edir. Siz öz istirahətinizi istədiyiniz dağlıq, meşəlik və çöllük kimi ərazilərdə rahatlıqla keçirə bilərsiniz. \r\nKaravanlarımızın tutumu 4-5 nəfərdən ibarətdir.\r\nKaravanlardakı mətbəx sahəsi müxtəlif model və markalarda fərqli ola bilər. Mətbəxlər soba, soyuducu, yuyucu hövzə və şkaflarla təchiz olunur.\r\nKaravanlarda 1 yataq otağı  mövcuddur. Yataq otağında tək və ya ikiqat çarpayılar ola bilər(müştərinin istəyinə görə),  divan çarpayılarımız da vardır. Karavanlarda tualet və duş kabini mövcuddur.\r\n Karavanlarda enerji mənbəyi günəş paneli, generatorlar olur. Bunlarla, daxili işıqlandırma, soyuducu, soba və digər cihazların enerji ilə qidalandırılır.\r\nKaravanlarda təmiz su mənbələri paslanmaz dəmir çənləri ilə təchiz olunur. Bu, içməli su, duş suyu və  yuyucu hövzə kimi yerlərdə istifadə olunur. Kirli su isə, xüsusi su çənlərdə yığılır, özəl dərman vasitəsi ilə neytrolizə edilir.\r\nKaravanlarda istilik və soyutma sistemlərimiz də mövcuddur. Bu, karavanın istifadə olunduğu fəsillərdən və hava şəraitindən asılı olaraq dəyişə bilər.	6	subservices_images/674E456D-EF79-480B-8717-8A18D021C063.jpeg
1	çən	Yeni tankların inkişafı ümumiyyətlə müəyyən bir müəssisədə və ya müəyyən bir müştəri üçün mayelərin saxlanması üçün yeni tankların yaradılması və istehsalı prosesidir. Buraya tankların dizaynı, istehsalı, quraşdırılması və sınaqdan keçirilməsi daxil ola bilər.	1	subservices_images/FB11127E-EE8E-4ABA-A6C6-610EF824EFEC.jpeg
2	Dolu	Yeni tankların inkişafı ümumiyyətlə müəyyən bir müəssisədə və ya müəyyən bir müştəri üçün mayelərin saxlanması üçün yeni tankların yaradılması və istehsalı prosesidir. Buraya tankların dizaynı, istehsalı, quraşdırılması və sınaqdan keçirilməsi daxil ola bilər.	2	subservices_images/30586622-1CB1-4800-A411-ACB219A9A6DA.jpeg
3	Evakuator	Yeni tankların inkişafı ümumiyyətlə müəyyən bir müəssisədə və ya müəyyən bir müştəri üçün mayelərin saxlanması üçün yeni tankların yaradılması və istehsalı prosesidir. Buraya tankların dizaynı, istehsalı, quraşdırılması və sınaqdan keçirilməsi daxil ola bilər.	5	subservices_images/3F43F359-E6D8-4B5B-8370-2C567C775EDC.jpeg
5	Yük Maşını	Yük maşınl mətn	8	subservices_images/IMG_8603.jpeg
6	Beton qarışdıran maşın	Beton qarışdıran maşın mətn	9	subservices_images/005760B1-929F-4F8C-8C1F-746E9EDB75CD.jpeg
7	Yük aparan maşın	Yük aparan maşın mətn	10	subservices_images/BDC862C0-8D83-47AA-9ACC-90F50202BE12.jpeg
8	Yeni çənlərin maşınsız formasının	Yeni çənlərin maşınsız formasının Mətni	11	subservices_images/27C97079-4815-4E9F-ABA3-93901D90959A.jpeg
\.


--
-- Name: about_aboutimages_id_seq; Type: SEQUENCE SET; Schema: public; Owner: avkonste
--

SELECT pg_catalog.setval('public.about_aboutimages_id_seq', 2, true);


--
-- Name: auth_group_id_seq; Type: SEQUENCE SET; Schema: public; Owner: avkonste
--

SELECT pg_catalog.setval('public.auth_group_id_seq', 1, false);


--
-- Name: auth_group_permissions_id_seq; Type: SEQUENCE SET; Schema: public; Owner: avkonste
--

SELECT pg_catalog.setval('public.auth_group_permissions_id_seq', 1, false);


--
-- Name: auth_permission_id_seq; Type: SEQUENCE SET; Schema: public; Owner: avkonste
--

SELECT pg_catalog.setval('public.auth_permission_id_seq', 104, true);


--
-- Name: auth_user_groups_id_seq; Type: SEQUENCE SET; Schema: public; Owner: avkonste
--

SELECT pg_catalog.setval('public.auth_user_groups_id_seq', 1, false);


--
-- Name: auth_user_id_seq; Type: SEQUENCE SET; Schema: public; Owner: avkonste
--

SELECT pg_catalog.setval('public.auth_user_id_seq', 2, true);


--
-- Name: auth_user_user_permissions_id_seq; Type: SEQUENCE SET; Schema: public; Owner: avkonste
--

SELECT pg_catalog.setval('public.auth_user_user_permissions_id_seq', 1, false);


--
-- Name: django_admin_log_id_seq; Type: SEQUENCE SET; Schema: public; Owner: avkonste
--

SELECT pg_catalog.setval('public.django_admin_log_id_seq', 94, true);


--
-- Name: django_content_type_id_seq; Type: SEQUENCE SET; Schema: public; Owner: avkonste
--

SELECT pg_catalog.setval('public.django_content_type_id_seq', 26, true);


--
-- Name: django_migrations_id_seq; Type: SEQUENCE SET; Schema: public; Owner: avkonste
--

SELECT pg_catalog.setval('public.django_migrations_id_seq', 29, true);


--
-- Name: home_homeserviceone_id_seq; Type: SEQUENCE SET; Schema: public; Owner: avkonste
--

SELECT pg_catalog.setval('public.home_homeserviceone_id_seq', 2, true);


--
-- Name: home_homeservicethird_id_seq; Type: SEQUENCE SET; Schema: public; Owner: avkonste
--

SELECT pg_catalog.setval('public.home_homeservicethird_id_seq', 2, true);


--
-- Name: home_homeservicetwo_id_seq; Type: SEQUENCE SET; Schema: public; Owner: avkonste
--

SELECT pg_catalog.setval('public.home_homeservicetwo_id_seq', 1, true);


--
-- Name: home_homeslideshow_id_seq; Type: SEQUENCE SET; Schema: public; Owner: avkonste
--

SELECT pg_catalog.setval('public.home_homeslideshow_id_seq', 6, true);


--
-- Name: services_services_id_seq; Type: SEQUENCE SET; Schema: public; Owner: avkonste
--

SELECT pg_catalog.setval('public.services_services_id_seq', 11, true);


--
-- Name: services_subservice_id_seq; Type: SEQUENCE SET; Schema: public; Owner: avkonste
--

SELECT pg_catalog.setval('public.services_subservice_id_seq', 8, true);


--
-- Name: about_aboutimages about_aboutimages_pkey; Type: CONSTRAINT; Schema: public; Owner: avkonste
--

ALTER TABLE ONLY public.about_aboutimages
    ADD CONSTRAINT about_aboutimages_pkey PRIMARY KEY (id);


--
-- Name: auth_group auth_group_name_key; Type: CONSTRAINT; Schema: public; Owner: avkonste
--

ALTER TABLE ONLY public.auth_group
    ADD CONSTRAINT auth_group_name_key UNIQUE (name);


--
-- Name: auth_group_permissions auth_group_permissions_group_id_permission_id_0cd325b0_uniq; Type: CONSTRAINT; Schema: public; Owner: avkonste
--

ALTER TABLE ONLY public.auth_group_permissions
    ADD CONSTRAINT auth_group_permissions_group_id_permission_id_0cd325b0_uniq UNIQUE (group_id, permission_id);


--
-- Name: auth_group_permissions auth_group_permissions_pkey; Type: CONSTRAINT; Schema: public; Owner: avkonste
--

ALTER TABLE ONLY public.auth_group_permissions
    ADD CONSTRAINT auth_group_permissions_pkey PRIMARY KEY (id);


--
-- Name: auth_group auth_group_pkey; Type: CONSTRAINT; Schema: public; Owner: avkonste
--

ALTER TABLE ONLY public.auth_group
    ADD CONSTRAINT auth_group_pkey PRIMARY KEY (id);


--
-- Name: auth_permission auth_permission_content_type_id_codename_01ab375a_uniq; Type: CONSTRAINT; Schema: public; Owner: avkonste
--

ALTER TABLE ONLY public.auth_permission
    ADD CONSTRAINT auth_permission_content_type_id_codename_01ab375a_uniq UNIQUE (content_type_id, codename);


--
-- Name: auth_permission auth_permission_pkey; Type: CONSTRAINT; Schema: public; Owner: avkonste
--

ALTER TABLE ONLY public.auth_permission
    ADD CONSTRAINT auth_permission_pkey PRIMARY KEY (id);


--
-- Name: auth_user_groups auth_user_groups_pkey; Type: CONSTRAINT; Schema: public; Owner: avkonste
--

ALTER TABLE ONLY public.auth_user_groups
    ADD CONSTRAINT auth_user_groups_pkey PRIMARY KEY (id);


--
-- Name: auth_user_groups auth_user_groups_user_id_group_id_94350c0c_uniq; Type: CONSTRAINT; Schema: public; Owner: avkonste
--

ALTER TABLE ONLY public.auth_user_groups
    ADD CONSTRAINT auth_user_groups_user_id_group_id_94350c0c_uniq UNIQUE (user_id, group_id);


--
-- Name: auth_user auth_user_pkey; Type: CONSTRAINT; Schema: public; Owner: avkonste
--

ALTER TABLE ONLY public.auth_user
    ADD CONSTRAINT auth_user_pkey PRIMARY KEY (id);


--
-- Name: auth_user_user_permissions auth_user_user_permissions_pkey; Type: CONSTRAINT; Schema: public; Owner: avkonste
--

ALTER TABLE ONLY public.auth_user_user_permissions
    ADD CONSTRAINT auth_user_user_permissions_pkey PRIMARY KEY (id);


--
-- Name: auth_user_user_permissions auth_user_user_permissions_user_id_permission_id_14a6b632_uniq; Type: CONSTRAINT; Schema: public; Owner: avkonste
--

ALTER TABLE ONLY public.auth_user_user_permissions
    ADD CONSTRAINT auth_user_user_permissions_user_id_permission_id_14a6b632_uniq UNIQUE (user_id, permission_id);


--
-- Name: auth_user auth_user_username_key; Type: CONSTRAINT; Schema: public; Owner: avkonste
--

ALTER TABLE ONLY public.auth_user
    ADD CONSTRAINT auth_user_username_key UNIQUE (username);


--
-- Name: django_admin_log django_admin_log_pkey; Type: CONSTRAINT; Schema: public; Owner: avkonste
--

ALTER TABLE ONLY public.django_admin_log
    ADD CONSTRAINT django_admin_log_pkey PRIMARY KEY (id);


--
-- Name: django_content_type django_content_type_app_label_model_76bd3d3b_uniq; Type: CONSTRAINT; Schema: public; Owner: avkonste
--

ALTER TABLE ONLY public.django_content_type
    ADD CONSTRAINT django_content_type_app_label_model_76bd3d3b_uniq UNIQUE (app_label, model);


--
-- Name: django_content_type django_content_type_pkey; Type: CONSTRAINT; Schema: public; Owner: avkonste
--

ALTER TABLE ONLY public.django_content_type
    ADD CONSTRAINT django_content_type_pkey PRIMARY KEY (id);


--
-- Name: django_migrations django_migrations_pkey; Type: CONSTRAINT; Schema: public; Owner: avkonste
--

ALTER TABLE ONLY public.django_migrations
    ADD CONSTRAINT django_migrations_pkey PRIMARY KEY (id);


--
-- Name: django_session django_session_pkey; Type: CONSTRAINT; Schema: public; Owner: avkonste
--

ALTER TABLE ONLY public.django_session
    ADD CONSTRAINT django_session_pkey PRIMARY KEY (session_key);


--
-- Name: home_homeserviceone home_homeserviceone_pkey; Type: CONSTRAINT; Schema: public; Owner: avkonste
--

ALTER TABLE ONLY public.home_homeserviceone
    ADD CONSTRAINT home_homeserviceone_pkey PRIMARY KEY (id);


--
-- Name: home_homeservicethird home_homeservicethird_pkey; Type: CONSTRAINT; Schema: public; Owner: avkonste
--

ALTER TABLE ONLY public.home_homeservicethird
    ADD CONSTRAINT home_homeservicethird_pkey PRIMARY KEY (id);


--
-- Name: home_homeservicetwo home_homeservicetwo_pkey; Type: CONSTRAINT; Schema: public; Owner: avkonste
--

ALTER TABLE ONLY public.home_homeservicetwo
    ADD CONSTRAINT home_homeservicetwo_pkey PRIMARY KEY (id);


--
-- Name: home_homeslideshow home_homeslideshow_pkey; Type: CONSTRAINT; Schema: public; Owner: avkonste
--

ALTER TABLE ONLY public.home_homeslideshow
    ADD CONSTRAINT home_homeslideshow_pkey PRIMARY KEY (id);


--
-- Name: services_services services_services_pkey; Type: CONSTRAINT; Schema: public; Owner: avkonste
--

ALTER TABLE ONLY public.services_services
    ADD CONSTRAINT services_services_pkey PRIMARY KEY (id);


--
-- Name: services_subservice services_subservice_pkey; Type: CONSTRAINT; Schema: public; Owner: avkonste
--

ALTER TABLE ONLY public.services_subservice
    ADD CONSTRAINT services_subservice_pkey PRIMARY KEY (id);


--
-- Name: auth_group_name_a6ea08ec_like; Type: INDEX; Schema: public; Owner: avkonste
--

CREATE INDEX auth_group_name_a6ea08ec_like ON public.auth_group USING btree (name varchar_pattern_ops);


--
-- Name: auth_group_permissions_group_id_b120cbf9; Type: INDEX; Schema: public; Owner: avkonste
--

CREATE INDEX auth_group_permissions_group_id_b120cbf9 ON public.auth_group_permissions USING btree (group_id);


--
-- Name: auth_group_permissions_permission_id_84c5c92e; Type: INDEX; Schema: public; Owner: avkonste
--

CREATE INDEX auth_group_permissions_permission_id_84c5c92e ON public.auth_group_permissions USING btree (permission_id);


--
-- Name: auth_permission_content_type_id_2f476e4b; Type: INDEX; Schema: public; Owner: avkonste
--

CREATE INDEX auth_permission_content_type_id_2f476e4b ON public.auth_permission USING btree (content_type_id);


--
-- Name: auth_user_groups_group_id_97559544; Type: INDEX; Schema: public; Owner: avkonste
--

CREATE INDEX auth_user_groups_group_id_97559544 ON public.auth_user_groups USING btree (group_id);


--
-- Name: auth_user_groups_user_id_6a12ed8b; Type: INDEX; Schema: public; Owner: avkonste
--

CREATE INDEX auth_user_groups_user_id_6a12ed8b ON public.auth_user_groups USING btree (user_id);


--
-- Name: auth_user_user_permissions_permission_id_1fbb5f2c; Type: INDEX; Schema: public; Owner: avkonste
--

CREATE INDEX auth_user_user_permissions_permission_id_1fbb5f2c ON public.auth_user_user_permissions USING btree (permission_id);


--
-- Name: auth_user_user_permissions_user_id_a95ead1b; Type: INDEX; Schema: public; Owner: avkonste
--

CREATE INDEX auth_user_user_permissions_user_id_a95ead1b ON public.auth_user_user_permissions USING btree (user_id);


--
-- Name: auth_user_username_6821ab7c_like; Type: INDEX; Schema: public; Owner: avkonste
--

CREATE INDEX auth_user_username_6821ab7c_like ON public.auth_user USING btree (username varchar_pattern_ops);


--
-- Name: django_admin_log_content_type_id_c4bce8eb; Type: INDEX; Schema: public; Owner: avkonste
--

CREATE INDEX django_admin_log_content_type_id_c4bce8eb ON public.django_admin_log USING btree (content_type_id);


--
-- Name: django_admin_log_user_id_c564eba6; Type: INDEX; Schema: public; Owner: avkonste
--

CREATE INDEX django_admin_log_user_id_c564eba6 ON public.django_admin_log USING btree (user_id);


--
-- Name: django_session_expire_date_a5c62663; Type: INDEX; Schema: public; Owner: avkonste
--

CREATE INDEX django_session_expire_date_a5c62663 ON public.django_session USING btree (expire_date);


--
-- Name: django_session_session_key_c0390e0f_like; Type: INDEX; Schema: public; Owner: avkonste
--

CREATE INDEX django_session_session_key_c0390e0f_like ON public.django_session USING btree (session_key varchar_pattern_ops);


--
-- Name: services_subservice_service_id_a6a78ba2; Type: INDEX; Schema: public; Owner: avkonste
--

CREATE INDEX services_subservice_service_id_a6a78ba2 ON public.services_subservice USING btree (service_id);


--
-- Name: auth_group_permissions auth_group_permissio_permission_id_84c5c92e_fk_auth_perm; Type: FK CONSTRAINT; Schema: public; Owner: avkonste
--

ALTER TABLE ONLY public.auth_group_permissions
    ADD CONSTRAINT auth_group_permissio_permission_id_84c5c92e_fk_auth_perm FOREIGN KEY (permission_id) REFERENCES public.auth_permission(id) DEFERRABLE INITIALLY DEFERRED;


--
-- Name: auth_group_permissions auth_group_permissions_group_id_b120cbf9_fk_auth_group_id; Type: FK CONSTRAINT; Schema: public; Owner: avkonste
--

ALTER TABLE ONLY public.auth_group_permissions
    ADD CONSTRAINT auth_group_permissions_group_id_b120cbf9_fk_auth_group_id FOREIGN KEY (group_id) REFERENCES public.auth_group(id) DEFERRABLE INITIALLY DEFERRED;


--
-- Name: auth_permission auth_permission_content_type_id_2f476e4b_fk_django_co; Type: FK CONSTRAINT; Schema: public; Owner: avkonste
--

ALTER TABLE ONLY public.auth_permission
    ADD CONSTRAINT auth_permission_content_type_id_2f476e4b_fk_django_co FOREIGN KEY (content_type_id) REFERENCES public.django_content_type(id) DEFERRABLE INITIALLY DEFERRED;


--
-- Name: auth_user_groups auth_user_groups_group_id_97559544_fk_auth_group_id; Type: FK CONSTRAINT; Schema: public; Owner: avkonste
--

ALTER TABLE ONLY public.auth_user_groups
    ADD CONSTRAINT auth_user_groups_group_id_97559544_fk_auth_group_id FOREIGN KEY (group_id) REFERENCES public.auth_group(id) DEFERRABLE INITIALLY DEFERRED;


--
-- Name: auth_user_groups auth_user_groups_user_id_6a12ed8b_fk_auth_user_id; Type: FK CONSTRAINT; Schema: public; Owner: avkonste
--

ALTER TABLE ONLY public.auth_user_groups
    ADD CONSTRAINT auth_user_groups_user_id_6a12ed8b_fk_auth_user_id FOREIGN KEY (user_id) REFERENCES public.auth_user(id) DEFERRABLE INITIALLY DEFERRED;


--
-- Name: auth_user_user_permissions auth_user_user_permi_permission_id_1fbb5f2c_fk_auth_perm; Type: FK CONSTRAINT; Schema: public; Owner: avkonste
--

ALTER TABLE ONLY public.auth_user_user_permissions
    ADD CONSTRAINT auth_user_user_permi_permission_id_1fbb5f2c_fk_auth_perm FOREIGN KEY (permission_id) REFERENCES public.auth_permission(id) DEFERRABLE INITIALLY DEFERRED;


--
-- Name: auth_user_user_permissions auth_user_user_permissions_user_id_a95ead1b_fk_auth_user_id; Type: FK CONSTRAINT; Schema: public; Owner: avkonste
--

ALTER TABLE ONLY public.auth_user_user_permissions
    ADD CONSTRAINT auth_user_user_permissions_user_id_a95ead1b_fk_auth_user_id FOREIGN KEY (user_id) REFERENCES public.auth_user(id) DEFERRABLE INITIALLY DEFERRED;


--
-- Name: django_admin_log django_admin_log_content_type_id_c4bce8eb_fk_django_co; Type: FK CONSTRAINT; Schema: public; Owner: avkonste
--

ALTER TABLE ONLY public.django_admin_log
    ADD CONSTRAINT django_admin_log_content_type_id_c4bce8eb_fk_django_co FOREIGN KEY (content_type_id) REFERENCES public.django_content_type(id) DEFERRABLE INITIALLY DEFERRED;


--
-- Name: django_admin_log django_admin_log_user_id_c564eba6_fk_auth_user_id; Type: FK CONSTRAINT; Schema: public; Owner: avkonste
--

ALTER TABLE ONLY public.django_admin_log
    ADD CONSTRAINT django_admin_log_user_id_c564eba6_fk_auth_user_id FOREIGN KEY (user_id) REFERENCES public.auth_user(id) DEFERRABLE INITIALLY DEFERRED;


--
-- Name: services_subservice services_subservice_service_id_a6a78ba2_fk_services_services_id; Type: FK CONSTRAINT; Schema: public; Owner: avkonste
--

ALTER TABLE ONLY public.services_subservice
    ADD CONSTRAINT services_subservice_service_id_a6a78ba2_fk_services_services_id FOREIGN KEY (service_id) REFERENCES public.services_services(id) DEFERRABLE INITIALLY DEFERRED;


--
-- PostgreSQL database dump complete
--

