--
-- PostgreSQL database dump
--

-- Dumped from database version 14.7 (Ubuntu 14.7-0ubuntu0.22.10.1)
-- Dumped by pg_dump version 14.7 (Ubuntu 14.7-0ubuntu0.22.10.1)

SET statement_timeout = 0;
SET lock_timeout = 0;
SET idle_in_transaction_session_timeout = 0;
SET client_encoding = 'UTF8';
SET standard_conforming_strings = on;
SELECT pg_catalog.set_config('search_path', '', false);
SET check_function_bodies = false;
SET xmloption = content;
SET client_min_messages = warning;
SET row_security = off;

SET default_tablespace = '';

SET default_table_access_method = heap;

--
-- Name: about_aboutimages; Type: TABLE; Schema: public; Owner: avkonste
--

CREATE TABLE public.about_aboutimages (
    id integer NOT NULL,
    firstupfront character varying(100) NOT NULL,
    firstupback character varying(100) NOT NULL,
    secondupfront character varying(100) NOT NULL,
    secondupback character varying(100) NOT NULL,
    firstdownfront character varying(100) NOT NULL,
    firstdownback character varying(100) NOT NULL,
    seconddownfront character varying(100) NOT NULL,
    seconddownback character varying(100) NOT NULL
);


ALTER TABLE public.about_aboutimages OWNER TO avkonste;

--
-- Name: about_aboutimages_id_seq; Type: SEQUENCE; Schema: public; Owner: avkonste
--

CREATE SEQUENCE public.about_aboutimages_id_seq
    AS integer
    START WITH 1
    INCREMENT BY 1
    NO MINVALUE
    NO MAXVALUE
    CACHE 1;


ALTER TABLE public.about_aboutimages_id_seq OWNER TO avkonste;

--
-- Name: about_aboutimages_id_seq; Type: SEQUENCE OWNED BY; Schema: public; Owner: avkonste
--

ALTER SEQUENCE public.about_aboutimages_id_seq OWNED BY public.about_aboutimages.id;


--
-- Name: auth_group; Type: TABLE; Schema: public; Owner: avkonste
--

CREATE TABLE public.auth_group (
    id integer NOT NULL,
    name character varying(150) NOT NULL
);


ALTER TABLE public.auth_group OWNER TO avkonste;

--
-- Name: auth_group_id_seq; Type: SEQUENCE; Schema: public; Owner: avkonste
--

CREATE SEQUENCE public.auth_group_id_seq
    AS integer
    START WITH 1
    INCREMENT BY 1
    NO MINVALUE
    NO MAXVALUE
    CACHE 1;


ALTER TABLE public.auth_group_id_seq OWNER TO avkonste;

--
-- Name: auth_group_id_seq; Type: SEQUENCE OWNED BY; Schema: public; Owner: avkonste
--

ALTER SEQUENCE public.auth_group_id_seq OWNED BY public.auth_group.id;


--
-- Name: auth_group_permissions; Type: TABLE; Schema: public; Owner: avkonste
--

CREATE TABLE public.auth_group_permissions (
    id integer NOT NULL,
    group_id integer NOT NULL,
    permission_id integer NOT NULL
);


ALTER TABLE public.auth_group_permissions OWNER TO avkonste;

--
-- Name: auth_group_permissions_id_seq; Type: SEQUENCE; Schema: public; Owner: avkonste
--

CREATE SEQUENCE public.auth_group_permissions_id_seq
    AS integer
    START WITH 1
    INCREMENT BY 1
    NO MINVALUE
    NO MAXVALUE
    CACHE 1;


ALTER TABLE public.auth_group_permissions_id_seq OWNER TO avkonste;

--
-- Name: auth_group_permissions_id_seq; Type: SEQUENCE OWNED BY; Schema: public; Owner: avkonste
--

ALTER SEQUENCE public.auth_group_permissions_id_seq OWNED BY public.auth_group_permissions.id;


--
-- Name: auth_permission; Type: TABLE; Schema: public; Owner: avkonste
--

CREATE TABLE public.auth_permission (
    id integer NOT NULL,
    name character varying(255) NOT NULL,
    content_type_id integer NOT NULL,
    codename character varying(100) NOT NULL
);


ALTER TABLE public.auth_permission OWNER TO avkonste;

--
-- Name: auth_permission_id_seq; Type: SEQUENCE; Schema: public; Owner: avkonste
--

CREATE SEQUENCE public.auth_permission_id_seq
    AS integer
    START WITH 1
    INCREMENT BY 1
    NO MINVALUE
    NO MAXVALUE
    CACHE 1;


ALTER TABLE public.auth_permission_id_seq OWNER TO avkonste;

--
-- Name: auth_permission_id_seq; Type: SEQUENCE OWNED BY; Schema: public; Owner: avkonste
--

ALTER SEQUENCE public.auth_permission_id_seq OWNED BY public.auth_permission.id;


--
-- Name: auth_user; Type: TABLE; Schema: public; Owner: avkonste
--

CREATE TABLE public.auth_user (
    id integer NOT NULL,
    password character varying(128) NOT NULL,
    last_login timestamp with time zone,
    is_superuser boolean NOT NULL,
    username character varying(150) NOT NULL,
    first_name character varying(30) NOT NULL,
    last_name character varying(150) NOT NULL,
    email character varying(254) NOT NULL,
    is_staff boolean NOT NULL,
    is_active boolean NOT NULL,
    date_joined timestamp with time zone NOT NULL
);


ALTER TABLE public.auth_user OWNER TO avkonste;

--
-- Name: auth_user_groups; Type: TABLE; Schema: public; Owner: avkonste
--

CREATE TABLE public.auth_user_groups (
    id integer NOT NULL,
    user_id integer NOT NULL,
    group_id integer NOT NULL
);


ALTER TABLE public.auth_user_groups OWNER TO avkonste;

--
-- Name: auth_user_groups_id_seq; Type: SEQUENCE; Schema: public; Owner: avkonste
--

CREATE SEQUENCE public.auth_user_groups_id_seq
    AS integer
    START WITH 1
    INCREMENT BY 1
    NO MINVALUE
    NO MAXVALUE
    CACHE 1;


ALTER TABLE public.auth_user_groups_id_seq OWNER TO avkonste;

--
-- Name: auth_user_groups_id_seq; Type: SEQUENCE OWNED BY; Schema: public; Owner: avkonste
--

ALTER SEQUENCE public.auth_user_groups_id_seq OWNED BY public.auth_user_groups.id;


--
-- Name: auth_user_id_seq; Type: SEQUENCE; Schema: public; Owner: avkonste
--

CREATE SEQUENCE public.auth_user_id_seq
    AS integer
    START WITH 1
    INCREMENT BY 1
    NO MINVALUE
    NO MAXVALUE
    CACHE 1;


ALTER TABLE public.auth_user_id_seq OWNER TO avkonste;

--
-- Name: auth_user_id_seq; Type: SEQUENCE OWNED BY; Schema: public; Owner: avkonste
--

ALTER SEQUENCE public.auth_user_id_seq OWNED BY public.auth_user.id;


--
-- Name: auth_user_user_permissions; Type: TABLE; Schema: public; Owner: avkonste
--

CREATE TABLE public.auth_user_user_permissions (
    id integer NOT NULL,
    user_id integer NOT NULL,
    permission_id integer NOT NULL
);


ALTER TABLE public.auth_user_user_permissions OWNER TO avkonste;

--
-- Name: auth_user_user_permissions_id_seq; Type: SEQUENCE; Schema: public; Owner: avkonste
--

CREATE SEQUENCE public.auth_user_user_permissions_id_seq
    AS integer
    START WITH 1
    INCREMENT BY 1
    NO MINVALUE
    NO MAXVALUE
    CACHE 1;


ALTER TABLE public.auth_user_user_permissions_id_seq OWNER TO avkonste;

--
-- Name: auth_user_user_permissions_id_seq; Type: SEQUENCE OWNED BY; Schema: public; Owner: avkonste
--

ALTER SEQUENCE public.auth_user_user_permissions_id_seq OWNED BY public.auth_user_user_permissions.id;


--
-- Name: django_admin_log; Type: TABLE; Schema: public; Owner: avkonste
--

CREATE TABLE public.django_admin_log (
    id integer NOT NULL,
    action_time timestamp with time zone NOT NULL,
    object_id text,
    object_repr character varying(200) NOT NULL,
    action_flag smallint NOT NULL,
    change_message text NOT NULL,
    content_type_id integer,
    user_id integer NOT NULL,
    CONSTRAINT django_admin_log_action_flag_check CHECK ((action_flag >= 0))
);


ALTER TABLE public.django_admin_log OWNER TO avkonste;

--
-- Name: django_admin_log_id_seq; Type: SEQUENCE; Schema: public; Owner: avkonste
--

CREATE SEQUENCE public.django_admin_log_id_seq
    AS integer
    START WITH 1
    INCREMENT BY 1
    NO MINVALUE
    NO MAXVALUE
    CACHE 1;


ALTER TABLE public.django_admin_log_id_seq OWNER TO avkonste;

--
-- Name: django_admin_log_id_seq; Type: SEQUENCE OWNED BY; Schema: public; Owner: avkonste
--

ALTER SEQUENCE public.django_admin_log_id_seq OWNED BY public.django_admin_log.id;


--
-- Name: django_content_type; Type: TABLE; Schema: public; Owner: avkonste
--

CREATE TABLE public.django_content_type (
    id integer NOT NULL,
    app_label character varying(100) NOT NULL,
    model character varying(100) NOT NULL
);


ALTER TABLE public.django_content_type OWNER TO avkonste;

--
-- Name: django_content_type_id_seq; Type: SEQUENCE; Schema: public; Owner: avkonste
--

CREATE SEQUENCE public.django_content_type_id_seq
    AS integer
    START WITH 1
    INCREMENT BY 1
    NO MINVALUE
    NO MAXVALUE
    CACHE 1;


ALTER TABLE public.django_content_type_id_seq OWNER TO avkonste;

--
-- Name: django_content_type_id_seq; Type: SEQUENCE OWNED BY; Schema: public; Owner: avkonste
--

ALTER SEQUENCE public.django_content_type_id_seq OWNED BY public.django_content_type.id;


--
-- Name: django_migrations; Type: TABLE; Schema: public; Owner: avkonste
--

CREATE TABLE public.django_migrations (
    id integer NOT NULL,
    app character varying(255) NOT NULL,
    name character varying(255) NOT NULL,
    applied timestamp with time zone NOT NULL
);


ALTER TABLE public.django_migrations OWNER TO avkonste;

--
-- Name: django_migrations_id_seq; Type: SEQUENCE; Schema: public; Owner: avkonste
--

CREATE SEQUENCE public.django_migrations_id_seq
    AS integer
    START WITH 1
    INCREMENT BY 1
    NO MINVALUE
    NO MAXVALUE
    CACHE 1;


ALTER TABLE public.django_migrations_id_seq OWNER TO avkonste;

--
-- Name: django_migrations_id_seq; Type: SEQUENCE OWNED BY; Schema: public; Owner: avkonste
--

ALTER SEQUENCE public.django_migrations_id_seq OWNED BY public.django_migrations.id;


--
-- Name: django_session; Type: TABLE; Schema: public; Owner: avkonste
--

CREATE TABLE public.django_session (
    session_key character varying(40) NOT NULL,
    session_data text NOT NULL,
    expire_date timestamp with time zone NOT NULL
);


ALTER TABLE public.django_session OWNER TO avkonste;

--
-- Name: home_homeserviceone; Type: TABLE; Schema: public; Owner: avkonste
--

CREATE TABLE public.home_homeserviceone (
    id integer NOT NULL,
    image character varying(100) NOT NULL,
    title text NOT NULL,
    text text NOT NULL
);


ALTER TABLE public.home_homeserviceone OWNER TO avkonste;

--
-- Name: home_homeserviceone_id_seq; Type: SEQUENCE; Schema: public; Owner: avkonste
--

CREATE SEQUENCE public.home_homeserviceone_id_seq
    AS integer
    START WITH 1
    INCREMENT BY 1
    NO MINVALUE
    NO MAXVALUE
    CACHE 1;


ALTER TABLE public.home_homeserviceone_id_seq OWNER TO avkonste;

--
-- Name: home_homeserviceone_id_seq; Type: SEQUENCE OWNED BY; Schema: public; Owner: avkonste
--

ALTER SEQUENCE public.home_homeserviceone_id_seq OWNED BY public.home_homeserviceone.id;


--
-- Name: home_homeservicethird; Type: TABLE; Schema: public; Owner: avkonste
--

CREATE TABLE public.home_homeservicethird (
    id integer NOT NULL,
    image character varying(100) NOT NULL,
    title text NOT NULL,
    text text NOT NULL
);


ALTER TABLE public.home_homeservicethird OWNER TO avkonste;

--
-- Name: home_homeservicethird_id_seq; Type: SEQUENCE; Schema: public; Owner: avkonste
--

CREATE SEQUENCE public.home_homeservicethird_id_seq
    AS integer
    START WITH 1
    INCREMENT BY 1
    NO MINVALUE
    NO MAXVALUE
    CACHE 1;


ALTER TABLE public.home_homeservicethird_id_seq OWNER TO avkonste;

--
-- Name: home_homeservicethird_id_seq; Type: SEQUENCE OWNED BY; Schema: public; Owner: avkonste
--

ALTER SEQUENCE public.home_homeservicethird_id_seq OWNED BY public.home_homeservicethird.id;


--
-- Name: home_homeservicetwo; Type: TABLE; Schema: public; Owner: avkonste
--

CREATE TABLE public.home_homeservicetwo (
    id integer NOT NULL,
    image character varying(100) NOT NULL,
    title text NOT NULL,
    text text NOT NULL
);


ALTER TABLE public.home_homeservicetwo OWNER TO avkonste;

--
-- Name: home_homeservicetwo_id_seq; Type: SEQUENCE; Schema: public; Owner: avkonste
--

CREATE SEQUENCE public.home_homeservicetwo_id_seq
    AS integer
    START WITH 1
    INCREMENT BY 1
    NO MINVALUE
    NO MAXVALUE
    CACHE 1;


ALTER TABLE public.home_homeservicetwo_id_seq OWNER TO avkonste;

--
-- Name: home_homeservicetwo_id_seq; Type: SEQUENCE OWNED BY; Schema: public; Owner: avkonste
--

ALTER SEQUENCE public.home_homeservicetwo_id_seq OWNED BY public.home_homeservicetwo.id;


--
-- Name: home_homeslideshow; Type: TABLE; Schema: public; Owner: avkonste
--

CREATE TABLE public.home_homeslideshow (
    id integer NOT NULL,
    image character varying(100) NOT NULL
);


ALTER TABLE public.home_homeslideshow OWNER TO avkonste;

--
-- Name: home_homeslideshow_id_seq; Type: SEQUENCE; Schema: public; Owner: avkonste
--

CREATE SEQUENCE public.home_homeslideshow_id_seq
    AS integer
    START WITH 1
    INCREMENT BY 1
    NO MINVALUE
    NO MAXVALUE
    CACHE 1;


ALTER TABLE public.home_homeslideshow_id_seq OWNER TO avkonste;

--
-- Name: home_homeslideshow_id_seq; Type: SEQUENCE OWNED BY; Schema: public; Owner: avkonste
--

ALTER SEQUENCE public.home_homeslideshow_id_seq OWNED BY public.home_homeslideshow.id;


--
-- Name: services_services; Type: TABLE; Schema: public; Owner: avkonste
--

CREATE TABLE public.services_services (
    id integer NOT NULL,
    image character varying(100) NOT NULL,
    title text NOT NULL,
    text text NOT NULL
);


ALTER TABLE public.services_services OWNER TO avkonste;

--
-- Name: services_services_id_seq; Type: SEQUENCE; Schema: public; Owner: avkonste
--

CREATE SEQUENCE public.services_services_id_seq
    AS integer
    START WITH 1
    INCREMENT BY 1
    NO MINVALUE
    NO MAXVALUE
    CACHE 1;


ALTER TABLE public.services_services_id_seq OWNER TO avkonste;

--
-- Name: services_services_id_seq; Type: SEQUENCE OWNED BY; Schema: public; Owner: avkonste
--

ALTER SEQUENCE public.services_services_id_seq OWNED BY public.services_services.id;


--
-- Name: about_aboutimages id; Type: DEFAULT; Schema: public; Owner: avkonste
--

ALTER TABLE ONLY public.about_aboutimages ALTER COLUMN id SET DEFAULT nextval('public.about_aboutimages_id_seq'::regclass);


--
-- Name: auth_group id; Type: DEFAULT; Schema: public; Owner: avkonste
--

ALTER TABLE ONLY public.auth_group ALTER COLUMN id SET DEFAULT nextval('public.auth_group_id_seq'::regclass);


--
-- Name: auth_group_permissions id; Type: DEFAULT; Schema: public; Owner: avkonste
--

ALTER TABLE ONLY public.auth_group_permissions ALTER COLUMN id SET DEFAULT nextval('public.auth_group_permissions_id_seq'::regclass);


--
-- Name: auth_permission id; Type: DEFAULT; Schema: public; Owner: avkonste
--

ALTER TABLE ONLY public.auth_permission ALTER COLUMN id SET DEFAULT nextval('public.auth_permission_id_seq'::regclass);


--
-- Name: auth_user id; Type: DEFAULT; Schema: public; Owner: avkonste
--

ALTER TABLE ONLY public.auth_user ALTER COLUMN id SET DEFAULT nextval('public.auth_user_id_seq'::regclass);


--
-- Name: auth_user_groups id; Type: DEFAULT; Schema: public; Owner: avkonste
--

ALTER TABLE ONLY public.auth_user_groups ALTER COLUMN id SET DEFAULT nextval('public.auth_user_groups_id_seq'::regclass);


--
-- Name: auth_user_user_permissions id; Type: DEFAULT; Schema: public; Owner: avkonste
--

ALTER TABLE ONLY public.auth_user_user_permissions ALTER COLUMN id SET DEFAULT nextval('public.auth_user_user_permissions_id_seq'::regclass);


--
-- Name: django_admin_log id; Type: DEFAULT; Schema: public; Owner: avkonste
--

ALTER TABLE ONLY public.django_admin_log ALTER COLUMN id SET DEFAULT nextval('public.django_admin_log_id_seq'::regclass);


--
-- Name: django_content_type id; Type: DEFAULT; Schema: public; Owner: avkonste
--

ALTER TABLE ONLY public.django_content_type ALTER COLUMN id SET DEFAULT nextval('public.django_content_type_id_seq'::regclass);


--
-- Name: django_migrations id; Type: DEFAULT; Schema: public; Owner: avkonste
--

ALTER TABLE ONLY public.django_migrations ALTER COLUMN id SET DEFAULT nextval('public.django_migrations_id_seq'::regclass);


--
-- Name: home_homeserviceone id; Type: DEFAULT; Schema: public; Owner: avkonste
--

ALTER TABLE ONLY public.home_homeserviceone ALTER COLUMN id SET DEFAULT nextval('public.home_homeserviceone_id_seq'::regclass);


--
-- Name: home_homeservicethird id; Type: DEFAULT; Schema: public; Owner: avkonste
--

ALTER TABLE ONLY public.home_homeservicethird ALTER COLUMN id SET DEFAULT nextval('public.home_homeservicethird_id_seq'::regclass);


--
-- Name: home_homeservicetwo id; Type: DEFAULT; Schema: public; Owner: avkonste
--

ALTER TABLE ONLY public.home_homeservicetwo ALTER COLUMN id SET DEFAULT nextval('public.home_homeservicetwo_id_seq'::regclass);


--
-- Name: home_homeslideshow id; Type: DEFAULT; Schema: public; Owner: avkonste
--

ALTER TABLE ONLY public.home_homeslideshow ALTER COLUMN id SET DEFAULT nextval('public.home_homeslideshow_id_seq'::regclass);


--
-- Name: services_services id; Type: DEFAULT; Schema: public; Owner: avkonste
--

ALTER TABLE ONLY public.services_services ALTER COLUMN id SET DEFAULT nextval('public.services_services_id_seq'::regclass);


--
-- Data for Name: about_aboutimages; Type: TABLE DATA; Schema: public; Owner: avkonste
--

COPY public.about_aboutimages (id, firstupfront, firstupback, secondupfront, secondupback, firstdownfront, firstdownback, seconddownfront, seconddownback) FROM stdin;
2	firstUp/front/Vehicle_servis.jpg	firstUp/back/prepare_of_caravan.jpg	secondUp/front/tankers.jpg	secondUp/back/truck_-_2.jpg	firstDown/front/truck_3.jpg	firstDown/back/truck_-5_ZDmHhI8.jpg	secondDown/front/truck-1.jpg	secondDown/back/Vehicle.jpg
\.


--
-- Data for Name: auth_group; Type: TABLE DATA; Schema: public; Owner: avkonste
--

COPY public.auth_group (id, name) FROM stdin;
\.


--
-- Data for Name: auth_group_permissions; Type: TABLE DATA; Schema: public; Owner: avkonste
--

COPY public.auth_group_permissions (id, group_id, permission_id) FROM stdin;
\.


--
-- Data for Name: auth_permission; Type: TABLE DATA; Schema: public; Owner: avkonste
--

COPY public.auth_permission (id, name, content_type_id, codename) FROM stdin;
1	Can add log entry	1	add_logentry
2	Can change log entry	1	change_logentry
3	Can delete log entry	1	delete_logentry
4	Can view log entry	1	view_logentry
5	Can add permission	2	add_permission
6	Can change permission	2	change_permission
7	Can delete permission	2	delete_permission
8	Can view permission	2	view_permission
9	Can add group	3	add_group
10	Can change group	3	change_group
11	Can delete group	3	delete_group
12	Can view group	3	view_group
13	Can add user	4	add_user
14	Can change user	4	change_user
15	Can delete user	4	delete_user
16	Can view user	4	view_user
17	Can add content type	5	add_contenttype
18	Can change content type	5	change_contenttype
19	Can delete content type	5	delete_contenttype
20	Can view content type	5	view_contenttype
21	Can add session	6	add_session
22	Can change session	6	change_session
23	Can delete session	6	delete_session
24	Can view session	6	view_session
25	Can add Ana səhifə Xidmət 1-in məlumati	7	add_homeserviceone
26	Can change Ana səhifə Xidmət 1-in məlumati	7	change_homeserviceone
27	Can delete Ana səhifə Xidmət 1-in məlumati	7	delete_homeserviceone
28	Can view Ana səhifə Xidmət 1-in məlumati	7	view_homeserviceone
29	Can add Ana səhifə Xidmət 3-in məlumati	8	add_homeservicethird
30	Can change Ana səhifə Xidmət 3-in məlumati	8	change_homeservicethird
31	Can delete Ana səhifə Xidmət 3-in məlumati	8	delete_homeservicethird
32	Can view Ana səhifə Xidmət 3-in məlumati	8	view_homeservicethird
33	Can add Ana səhifə Xidmət 2-in məlumati	9	add_homeservicetwo
34	Can change Ana səhifə Xidmət 2-in məlumati	9	change_homeservicetwo
35	Can delete Ana səhifə Xidmət 2-in məlumati	9	delete_homeservicetwo
36	Can view Ana səhifə Xidmət 2-in məlumati	9	view_homeservicetwo
37	Can add Ana səhifə Slaydşou üçün şəkil	10	add_homeslideshow
38	Can change Ana səhifə Slaydşou üçün şəkil	10	change_homeslideshow
39	Can delete Ana səhifə Slaydşou üçün şəkil	10	delete_homeslideshow
40	Can view Ana səhifə Slaydşou üçün şəkil	10	view_homeslideshow
41	Can add Xidmət-in məlumati	11	add_services
42	Can change Xidmət-in məlumati	11	change_services
43	Can delete Xidmət-in məlumati	11	delete_services
44	Can view Xidmət-in məlumati	11	view_services
45	Can add Haqqımızda səhifəsinin şəkilləri	12	add_aboutimages
46	Can change Haqqımızda səhifəsinin şəkilləri	12	change_aboutimages
47	Can delete Haqqımızda səhifəsinin şəkilləri	12	delete_aboutimages
48	Can view Haqqımızda səhifəsinin şəkilləri	12	view_aboutimages
49	Can add my model	13	add_mymodel
50	Can change my model	13	change_mymodel
51	Can delete my model	13	delete_mymodel
52	Can view my model	13	view_mymodel
\.


--
-- Data for Name: auth_user; Type: TABLE DATA; Schema: public; Owner: avkonste
--

COPY public.auth_user (id, password, last_login, is_superuser, username, first_name, last_name, email, is_staff, is_active, date_joined) FROM stdin;
1	pbkdf2_sha256$150000$DYtq0zaSyz1i$xAlokG3ItfUD12q/nYqEHDA9Q6gJi6+3cSIBsYNwkq0=	2023-02-28 21:56:24.54+00	t	admin			avkonste@gmail.com	t	t	2023-01-24 08:41:51.573+00
2	pbkdf2_sha256$150000$Gumxbd4pF3Qh$veQDZcACJ0pn394PrDTHa5QeG/QrC41ySzvfuJtULYc=	2023-03-06 13:03:22.370613+00	t	avkonstemmc			avkonste@gmail.com	t	t	2023-03-05 23:26:16.12+00
\.


--
-- Data for Name: auth_user_groups; Type: TABLE DATA; Schema: public; Owner: avkonste
--

COPY public.auth_user_groups (id, user_id, group_id) FROM stdin;
\.


--
-- Data for Name: auth_user_user_permissions; Type: TABLE DATA; Schema: public; Owner: avkonste
--

COPY public.auth_user_user_permissions (id, user_id, permission_id) FROM stdin;
\.


--
-- Data for Name: django_admin_log; Type: TABLE DATA; Schema: public; Owner: avkonste
--

COPY public.django_admin_log (id, action_time, object_id, object_repr, action_flag, change_message, content_type_id, user_id) FROM stdin;
1	2023-01-24 08:42:56.592+00	1	HomeSlideshow object (1)	1	[{"added": {}}]	10	1
2	2023-01-24 08:42:59.921+00	2	HomeSlideshow object (2)	1	[{"added": {}}]	10	1
3	2023-01-24 08:43:02.799+00	3	HomeSlideshow object (3)	1	[{"added": {}}]	10	1
4	2023-01-24 08:43:05.459+00	4	HomeSlideshow object (4)	1	[{"added": {}}]	10	1
5	2023-01-24 08:43:09.416+00	5	HomeSlideshow object (5)	1	[{"added": {}}]	10	1
6	2023-01-24 08:43:14.923+00	None	HomeSlideshow object (None)	1	[{"added": {}}]	10	1
7	2023-01-24 08:43:42.677+00	1	HomeServiceOne object (1)	1	[{"added": {}}]	7	1
8	2023-01-24 08:44:03.947+00	1	HomeServiceTwo object (1)	1	[{"added": {}}]	9	1
9	2023-01-24 08:45:04.018+00	1	HomeServiceThird object (1)	1	[{"added": {}}]	8	1
10	2023-01-24 09:10:01.342+00	1	Services object (1)	1	[{"added": {}}]	11	1
11	2023-01-24 09:10:16.369+00	2	Services object (2)	1	[{"added": {}}]	11	1
12	2023-01-24 09:10:39.422+00	3	Services object (3)	1	[{"added": {}}]	11	1
13	2023-01-24 09:11:02.285+00	4	Services object (4)	1	[{"added": {}}]	11	1
14	2023-01-24 09:16:58.797+00	3	Services object (3)	2	[{"changed": {"fields": ["text"]}}]	11	1
15	2023-01-24 09:17:10.927+00	2	Services object (2)	2	[{"changed": {"fields": ["text"]}}]	11	1
16	2023-01-24 09:17:18.925+00	4	Services object (4)	2	[{"changed": {"fields": ["text"]}}]	11	1
17	2023-01-24 09:17:27.161+00	1	Services object (1)	2	[{"changed": {"fields": ["text"]}}]	11	1
18	2023-01-24 10:10:37.943+00	4	Services object (4)	3		11	1
19	2023-01-24 10:10:37.949+00	3	Services object (3)	3		11	1
20	2023-01-24 10:21:01.826+00	5	Services object (5)	1	[{"added": {}}]	11	1
21	2023-01-24 17:45:53.937+00	1	AboutImages object (1)	1	[{"added": {}}]	12	1
22	2023-01-25 14:16:49.122+00	6	Services object (6)	1	[{"added": {}}]	11	1
23	2023-01-25 14:17:55.118+00	1	Services object (1)	2	[{"changed": {"fields": ["text"]}}]	11	1
24	2023-01-25 20:07:36.618+00	5	Services object (5)	2	[{"changed": {"fields": ["title", "text"]}}]	11	1
25	2023-01-25 20:08:02.798+00	6	Services object (6)	2	[{"changed": {"fields": ["title", "text"]}}]	11	1
26	2023-01-25 20:08:26.457+00	2	Services object (2)	2	[{"changed": {"fields": ["text"]}}]	11	1
27	2023-01-25 20:11:33.845+00	1	HomeServiceOne object (1)	2	[{"changed": {"fields": ["title", "text"]}}]	7	1
28	2023-01-25 20:13:45.725+00	1	HomeServiceTwo object (1)	2	[{"changed": {"fields": ["title", "text"]}}]	9	1
29	2023-01-25 20:16:03.246+00	1	HomeServiceThird object (1)	2	[{"changed": {"fields": ["image", "title", "text"]}}]	8	1
30	2023-01-25 20:17:04.256+00	1	HomeServiceTwo object (1)	2	[{"changed": {"fields": ["image"]}}]	9	1
31	2023-01-25 20:18:14.091+00	1	HomeServiceTwo object (1)	2	[{"changed": {"fields": ["image"]}}]	9	1
32	2023-01-25 20:18:30.251+00	1	HomeServiceTwo object (1)	2	[{"changed": {"fields": ["image"]}}]	9	1
33	2023-01-25 20:18:46.339+00	1	HomeServiceOne object (1)	2	[{"changed": {"fields": ["image"]}}]	7	1
34	2023-01-26 04:28:40.83+00	7	Services object (7)	1	[{"added": {}}]	11	1
35	2023-01-26 04:31:05.638+00	2	AboutImages object (2)	1	[{"added": {}}]	12	1
36	2023-01-26 04:31:25.997+00	1	AboutImages object (1)	3		12	1
37	2023-02-28 21:56:45.63+00	1	sa	1	[{"added": {}}]	13	1
38	2023-02-28 21:58:00.81+00	1	sa	3		13	1
39	2023-02-28 21:58:13.796+00	2	hah.db	1	[{"added": {}}]	13	1
40	2023-02-28 21:58:29.835+00	2	db.sqlite3	2	[{"changed": {"fields": ["field1"]}}]	13	1
41	2023-03-06 13:03:39.328449+00	7	Services object (7)	3		11	2
\.


--
-- Data for Name: django_content_type; Type: TABLE DATA; Schema: public; Owner: avkonste
--

COPY public.django_content_type (id, app_label, model) FROM stdin;
1	admin	logentry
2	auth	permission
3	auth	group
4	auth	user
5	contenttypes	contenttype
6	sessions	session
7	home	homeserviceone
8	home	homeservicethird
9	home	homeservicetwo
10	home	homeslideshow
11	services	services
12	about	aboutimages
13	home	mymodel
\.


--
-- Data for Name: django_migrations; Type: TABLE DATA; Schema: public; Owner: avkonste
--

COPY public.django_migrations (id, app, name, applied) FROM stdin;
1	about	0001_initial	2023-03-06 13:02:20.063223+00
2	contenttypes	0001_initial	2023-03-06 13:02:20.082101+00
3	auth	0001_initial	2023-03-06 13:02:20.137523+00
4	admin	0001_initial	2023-03-06 13:02:20.216542+00
5	admin	0002_logentry_remove_auto_add	2023-03-06 13:02:20.244079+00
6	admin	0003_logentry_add_action_flag_choices	2023-03-06 13:02:20.257546+00
7	contenttypes	0002_remove_content_type_name	2023-03-06 13:02:20.287778+00
8	auth	0002_alter_permission_name_max_length	2023-03-06 13:02:20.297144+00
9	auth	0003_alter_user_email_max_length	2023-03-06 13:02:20.311548+00
10	auth	0004_alter_user_username_opts	2023-03-06 13:02:20.325282+00
11	auth	0005_alter_user_last_login_null	2023-03-06 13:02:20.339961+00
12	auth	0006_require_contenttypes_0002	2023-03-06 13:02:20.34351+00
13	auth	0007_alter_validators_add_error_messages	2023-03-06 13:02:20.359627+00
14	auth	0008_alter_user_username_max_length	2023-03-06 13:02:20.378076+00
15	auth	0009_alter_user_last_name_max_length	2023-03-06 13:02:20.392112+00
16	auth	0010_alter_group_name_max_length	2023-03-06 13:02:20.404369+00
17	auth	0011_update_proxy_permissions	2023-03-06 13:02:20.417281+00
18	home	0001_initial	2023-03-06 13:02:20.452395+00
19	home	0002_auto_20230125_0137	2023-03-06 13:02:20.484798+00
20	home	0003_mymodel	2023-03-06 13:02:20.496811+00
21	home	0004_delete_mymodel	2023-03-06 13:02:20.503792+00
22	services	0001_initial	2023-03-06 13:02:20.518884+00
23	services	0002_auto_20230124_1726	2023-03-06 13:02:20.525696+00
24	sessions	0001_initial	2023-03-06 13:02:20.538464+00
\.


--
-- Data for Name: django_session; Type: TABLE DATA; Schema: public; Owner: avkonste
--

COPY public.django_session (session_key, session_data, expire_date) FROM stdin;
0kt1jt7987f8cfe2m2lhs3dzfn9i0zj2	NmYwYzA3NWM1ZTc4ZjIyMThkYzhhZjY4M2I2NTM2Y2YxNTgwYzM4NDp7Il9hdXRoX3VzZXJfaWQiOiIxIiwiX2F1dGhfdXNlcl9iYWNrZW5kIjoiZGphbmdvLmNvbnRyaWIuYXV0aC5iYWNrZW5kcy5Nb2RlbEJhY2tlbmQiLCJfYXV0aF91c2VyX2hhc2giOiJkZGRjMTViZGViOTdiNDRlZDI0N2ZiOGQ2ZTZhNDNiZDkyMzFlMjEyIn0=	2023-03-14 21:56:24.54+00
2usyj8yg2z28e6uf0nov42vlt01vgei4	NmYwYzA3NWM1ZTc4ZjIyMThkYzhhZjY4M2I2NTM2Y2YxNTgwYzM4NDp7Il9hdXRoX3VzZXJfaWQiOiIxIiwiX2F1dGhfdXNlcl9iYWNrZW5kIjoiZGphbmdvLmNvbnRyaWIuYXV0aC5iYWNrZW5kcy5Nb2RlbEJhY2tlbmQiLCJfYXV0aF91c2VyX2hhc2giOiJkZGRjMTViZGViOTdiNDRlZDI0N2ZiOGQ2ZTZhNDNiZDkyMzFlMjEyIn0=	2023-03-14 21:52:46.254+00
3xepwuj2rcuwjpcnepro3wjzljsmwfzt	YzMxZWQ5MzQ1NmM0YmJkNTRmZGRjY2VhMGY0ZTk5OGUwNzhjN2QyYTp7Il9hdXRoX3VzZXJfaWQiOiIxIiwiX2F1dGhfdXNlcl9iYWNrZW5kIjoiZGphbmdvLmNvbnRyaWIuYXV0aC5iYWNrZW5kcy5Nb2RlbEJhY2tlbmQiLCJfYXV0aF91c2VyX2hhc2giOiJkYjYzNjQ1NTFlOTNjY2Y0NDdlN2QzMGJjMThhMDZjMjlkNjVhYWM3In0=	2023-02-07 17:15:02.63+00
mzorydw2rswqcnqwsceolokzo7t517p3	.eJxVjEEOwiAQRe_C2hAYpDIu3XsGMnQGqRpISrsy3l2bdKHb_977LxVpXUpcu8xxYnVWVh1-t0TjQ-oG-E711vTY6jJPSW-K3mnX18byvOzu30GhXr41ZraB_AkcekDr2MjgbUAAIjlmkOTQBaaA2RkGm0UGYaFkKLmQQL0_0rM4Mg:1pKK06:EK0ATLsWePQUROMZSHC4UIgoQn1JapfC5kPJk8jtDUQ	2023-02-07 10:10:14.037+00
e8uoossg9qfwnyhekq5mamqm9lj5mhke	YjdiNDllN2Y3YTJkZTMxMjIzMWRjMzg2MTgwZTljNjk2OGRlZDljMDp7Il9hdXRoX3VzZXJfaWQiOiIyIiwiX2F1dGhfdXNlcl9iYWNrZW5kIjoiZGphbmdvLmNvbnRyaWIuYXV0aC5iYWNrZW5kcy5Nb2RlbEJhY2tlbmQiLCJfYXV0aF91c2VyX2hhc2giOiIyMmExZDc3M2ZmYjQ1NzgyNzc4Y2VkNzUyMDNkNTk3ZmM0MGVhNDAwIn0=	2023-03-20 13:03:22.374021+00
\.


--
-- Data for Name: home_homeserviceone; Type: TABLE DATA; Schema: public; Owner: avkonste
--

COPY public.home_homeserviceone (id, image, title, text) FROM stdin;
1	home_service1_images/tankers.jpg	Yeni çənlərin (tankerlərin) hazırlanması	Yeni tankların inkişafı ümumiyyətlə müəyyən bir müəssisədə və ya müəyyən bir müştəri üçün mayelərin saxlanması üçün yeni tankların yaradılması və istehsalı prosesidir. Buraya tankların dizaynı, istehsalı, quraşdırılması və sınaqdan keçirilməsi daxil ola bilər.
\.


--
-- Data for Name: home_homeservicethird; Type: TABLE DATA; Schema: public; Owner: avkonste
--

COPY public.home_homeservicethird (id, image, title, text) FROM stdin;
1	home_service3_images/cabin_repair.jpg	Kabinaların təmiri	Malların uzun məsafələrə daşınması üçün istifadə olunan yük maşını kabinəsindəki hissələrin və cihazların bərpası və ya dəyişdirilməsi prosesi. Təmir Mühərrikin, əyləclərin, elektronikanın, istilik və kondisioner sisteminin, interyerin və digər elementlərin dəyişdirilməsini və ya təmirini əhatə edə bilər. Bu proses həm diaqnostika, həm də avadanlıqların saxlanılması və yenilənməsini əhatə edə bilər.
\.


--
-- Data for Name: home_homeservicetwo; Type: TABLE DATA; Schema: public; Owner: avkonste
--

COPY public.home_homeservicetwo (id, image, title, text) FROM stdin;
1	home_service2_images/prepare_of_caravan_OEvRsRz.jpg	Karavanların hazırlanması	Malların və ya insanların marşrutu və daşınması üçün bir şirkətin yaradılması və təşkili prosesi. Buraya marşrutun planlaşdırılması, təhlükəsizliyin təmin edilməsi, ərzaq və digər Təchizatların təşkili, karvançıların və sürücülərin işə götürülməsi və təhsili daxil ola bilər.
\.


--
-- Data for Name: home_homeslideshow; Type: TABLE DATA; Schema: public; Owner: avkonste
--

COPY public.home_homeslideshow (id, image) FROM stdin;
1	home_slideshow_images/Vehicle_w9tbPyi.jpg
2	home_slideshow_images/truck_-_4_opzKAfm.jpg
3	home_slideshow_images/truck_3_s4SEZTr.jpg
4	home_slideshow_images/truck_-5_3V6pGQQ.jpg
5	home_slideshow_images/truck-1_Zzu94q8.jpg
\.


--
-- Data for Name: services_services; Type: TABLE DATA; Schema: public; Owner: avkonste
--

COPY public.services_services (id, image, title, text) FROM stdin;
1	services_images/truck_service_1.jpg	Yeni çənlərin (tankerlərin) hazırlanması	Yeni tankların inkişafı ümumiyyətlə müəyyən bir müəssisədə və ya müəyyən bir müştəri üçün mayelərin saxlanması üçün yeni tankların yaradılması və istehsalı prosesidir. Buraya tankların dizaynı, istehsalı, quraşdırılması və sınaqdan keçirilməsi daxil ola bilər.
2	services_images/truck_service_2.jpeg	Maşınlarda konstruktiv təmir və dəyişikliklərin edilməsi	Yeni tankların inkişafı ümumiyyətlə müəyyən bir müəssisədə və ya müəyyən bir müştəri üçün mayelərin saxlanması üçün yeni tankların yaradılması və istehsalı prosesidir. Buraya tankların dizaynı, istehsalı, quraşdırılması və sınaqdan keçirilməsi daxil ola bilər.
5	services_images/Vehicle_servis_S5QLdwp.jpg	Yeni evakuator platrofmasının yığılaraq hazırlanması	Yeni tankların inkişafı ümumiyyətlə müəyyən bir müəssisədə və ya müəyyən bir müştəri üçün mayelərin saxlanması üçün yeni tankların yaradılması və istehsalı prosesidir. Buraya tankların dizaynı, istehsalı, quraşdırılması və sınaqdan keçirilməsi daxil ola bilər.
6	services_images/service_photo.jpg	Karavanların hazırlanması	Yeni tankların inkişafı ümumiyyətlə müəyyən bir müəssisədə və ya müəyyən bir müştəri üçün mayelərin saxlanması üçün yeni tankların yaradılması və istehsalı prosesidir. Buraya tankların dizaynı, istehsalı, quraşdırılması və sınaqdan keçirilməsi daxil ola bilər.
\.


--
-- Name: about_aboutimages_id_seq; Type: SEQUENCE SET; Schema: public; Owner: avkonste
--

SELECT pg_catalog.setval('public.about_aboutimages_id_seq', 2, true);


--
-- Name: auth_group_id_seq; Type: SEQUENCE SET; Schema: public; Owner: avkonste
--

SELECT pg_catalog.setval('public.auth_group_id_seq', 1, false);


--
-- Name: auth_group_permissions_id_seq; Type: SEQUENCE SET; Schema: public; Owner: avkonste
--

SELECT pg_catalog.setval('public.auth_group_permissions_id_seq', 1, false);


--
-- Name: auth_permission_id_seq; Type: SEQUENCE SET; Schema: public; Owner: avkonste
--

SELECT pg_catalog.setval('public.auth_permission_id_seq', 52, true);


--
-- Name: auth_user_groups_id_seq; Type: SEQUENCE SET; Schema: public; Owner: avkonste
--

SELECT pg_catalog.setval('public.auth_user_groups_id_seq', 1, false);


--
-- Name: auth_user_id_seq; Type: SEQUENCE SET; Schema: public; Owner: avkonste
--

SELECT pg_catalog.setval('public.auth_user_id_seq', 2, true);


--
-- Name: auth_user_user_permissions_id_seq; Type: SEQUENCE SET; Schema: public; Owner: avkonste
--

SELECT pg_catalog.setval('public.auth_user_user_permissions_id_seq', 1, false);


--
-- Name: django_admin_log_id_seq; Type: SEQUENCE SET; Schema: public; Owner: avkonste
--

SELECT pg_catalog.setval('public.django_admin_log_id_seq', 41, true);


--
-- Name: django_content_type_id_seq; Type: SEQUENCE SET; Schema: public; Owner: avkonste
--

SELECT pg_catalog.setval('public.django_content_type_id_seq', 13, true);


--
-- Name: django_migrations_id_seq; Type: SEQUENCE SET; Schema: public; Owner: avkonste
--

SELECT pg_catalog.setval('public.django_migrations_id_seq', 24, true);


--
-- Name: home_homeserviceone_id_seq; Type: SEQUENCE SET; Schema: public; Owner: avkonste
--

SELECT pg_catalog.setval('public.home_homeserviceone_id_seq', 1, true);


--
-- Name: home_homeservicethird_id_seq; Type: SEQUENCE SET; Schema: public; Owner: avkonste
--

SELECT pg_catalog.setval('public.home_homeservicethird_id_seq', 1, true);


--
-- Name: home_homeservicetwo_id_seq; Type: SEQUENCE SET; Schema: public; Owner: avkonste
--

SELECT pg_catalog.setval('public.home_homeservicetwo_id_seq', 1, true);


--
-- Name: home_homeslideshow_id_seq; Type: SEQUENCE SET; Schema: public; Owner: avkonste
--

SELECT pg_catalog.setval('public.home_homeslideshow_id_seq', 5, true);


--
-- Name: services_services_id_seq; Type: SEQUENCE SET; Schema: public; Owner: avkonste
--

SELECT pg_catalog.setval('public.services_services_id_seq', 7, true);


--
-- Name: about_aboutimages about_aboutimages_pkey; Type: CONSTRAINT; Schema: public; Owner: avkonste
--

ALTER TABLE ONLY public.about_aboutimages
    ADD CONSTRAINT about_aboutimages_pkey PRIMARY KEY (id);


--
-- Name: auth_group auth_group_name_key; Type: CONSTRAINT; Schema: public; Owner: avkonste
--

ALTER TABLE ONLY public.auth_group
    ADD CONSTRAINT auth_group_name_key UNIQUE (name);


--
-- Name: auth_group_permissions auth_group_permissions_group_id_permission_id_0cd325b0_uniq; Type: CONSTRAINT; Schema: public; Owner: avkonste
--

ALTER TABLE ONLY public.auth_group_permissions
    ADD CONSTRAINT auth_group_permissions_group_id_permission_id_0cd325b0_uniq UNIQUE (group_id, permission_id);


--
-- Name: auth_group_permissions auth_group_permissions_pkey; Type: CONSTRAINT; Schema: public; Owner: avkonste
--

ALTER TABLE ONLY public.auth_group_permissions
    ADD CONSTRAINT auth_group_permissions_pkey PRIMARY KEY (id);


--
-- Name: auth_group auth_group_pkey; Type: CONSTRAINT; Schema: public; Owner: avkonste
--

ALTER TABLE ONLY public.auth_group
    ADD CONSTRAINT auth_group_pkey PRIMARY KEY (id);


--
-- Name: auth_permission auth_permission_content_type_id_codename_01ab375a_uniq; Type: CONSTRAINT; Schema: public; Owner: avkonste
--

ALTER TABLE ONLY public.auth_permission
    ADD CONSTRAINT auth_permission_content_type_id_codename_01ab375a_uniq UNIQUE (content_type_id, codename);


--
-- Name: auth_permission auth_permission_pkey; Type: CONSTRAINT; Schema: public; Owner: avkonste
--

ALTER TABLE ONLY public.auth_permission
    ADD CONSTRAINT auth_permission_pkey PRIMARY KEY (id);


--
-- Name: auth_user_groups auth_user_groups_pkey; Type: CONSTRAINT; Schema: public; Owner: avkonste
--

ALTER TABLE ONLY public.auth_user_groups
    ADD CONSTRAINT auth_user_groups_pkey PRIMARY KEY (id);


--
-- Name: auth_user_groups auth_user_groups_user_id_group_id_94350c0c_uniq; Type: CONSTRAINT; Schema: public; Owner: avkonste
--

ALTER TABLE ONLY public.auth_user_groups
    ADD CONSTRAINT auth_user_groups_user_id_group_id_94350c0c_uniq UNIQUE (user_id, group_id);


--
-- Name: auth_user auth_user_pkey; Type: CONSTRAINT; Schema: public; Owner: avkonste
--

ALTER TABLE ONLY public.auth_user
    ADD CONSTRAINT auth_user_pkey PRIMARY KEY (id);


--
-- Name: auth_user_user_permissions auth_user_user_permissions_pkey; Type: CONSTRAINT; Schema: public; Owner: avkonste
--

ALTER TABLE ONLY public.auth_user_user_permissions
    ADD CONSTRAINT auth_user_user_permissions_pkey PRIMARY KEY (id);


--
-- Name: auth_user_user_permissions auth_user_user_permissions_user_id_permission_id_14a6b632_uniq; Type: CONSTRAINT; Schema: public; Owner: avkonste
--

ALTER TABLE ONLY public.auth_user_user_permissions
    ADD CONSTRAINT auth_user_user_permissions_user_id_permission_id_14a6b632_uniq UNIQUE (user_id, permission_id);


--
-- Name: auth_user auth_user_username_key; Type: CONSTRAINT; Schema: public; Owner: avkonste
--

ALTER TABLE ONLY public.auth_user
    ADD CONSTRAINT auth_user_username_key UNIQUE (username);


--
-- Name: django_admin_log django_admin_log_pkey; Type: CONSTRAINT; Schema: public; Owner: avkonste
--

ALTER TABLE ONLY public.django_admin_log
    ADD CONSTRAINT django_admin_log_pkey PRIMARY KEY (id);


--
-- Name: django_content_type django_content_type_app_label_model_76bd3d3b_uniq; Type: CONSTRAINT; Schema: public; Owner: avkonste
--

ALTER TABLE ONLY public.django_content_type
    ADD CONSTRAINT django_content_type_app_label_model_76bd3d3b_uniq UNIQUE (app_label, model);


--
-- Name: django_content_type django_content_type_pkey; Type: CONSTRAINT; Schema: public; Owner: avkonste
--

ALTER TABLE ONLY public.django_content_type
    ADD CONSTRAINT django_content_type_pkey PRIMARY KEY (id);


--
-- Name: django_migrations django_migrations_pkey; Type: CONSTRAINT; Schema: public; Owner: avkonste
--

ALTER TABLE ONLY public.django_migrations
    ADD CONSTRAINT django_migrations_pkey PRIMARY KEY (id);


--
-- Name: django_session django_session_pkey; Type: CONSTRAINT; Schema: public; Owner: avkonste
--

ALTER TABLE ONLY public.django_session
    ADD CONSTRAINT django_session_pkey PRIMARY KEY (session_key);


--
-- Name: home_homeserviceone home_homeserviceone_pkey; Type: CONSTRAINT; Schema: public; Owner: avkonste
--

ALTER TABLE ONLY public.home_homeserviceone
    ADD CONSTRAINT home_homeserviceone_pkey PRIMARY KEY (id);


--
-- Name: home_homeservicethird home_homeservicethird_pkey; Type: CONSTRAINT; Schema: public; Owner: avkonste
--

ALTER TABLE ONLY public.home_homeservicethird
    ADD CONSTRAINT home_homeservicethird_pkey PRIMARY KEY (id);


--
-- Name: home_homeservicetwo home_homeservicetwo_pkey; Type: CONSTRAINT; Schema: public; Owner: avkonste
--

ALTER TABLE ONLY public.home_homeservicetwo
    ADD CONSTRAINT home_homeservicetwo_pkey PRIMARY KEY (id);


--
-- Name: home_homeslideshow home_homeslideshow_pkey; Type: CONSTRAINT; Schema: public; Owner: avkonste
--

ALTER TABLE ONLY public.home_homeslideshow
    ADD CONSTRAINT home_homeslideshow_pkey PRIMARY KEY (id);


--
-- Name: services_services services_services_pkey; Type: CONSTRAINT; Schema: public; Owner: avkonste
--

ALTER TABLE ONLY public.services_services
    ADD CONSTRAINT services_services_pkey PRIMARY KEY (id);


--
-- Name: auth_group_name_a6ea08ec_like; Type: INDEX; Schema: public; Owner: avkonste
--

CREATE INDEX auth_group_name_a6ea08ec_like ON public.auth_group USING btree (name varchar_pattern_ops);


--
-- Name: auth_group_permissions_group_id_b120cbf9; Type: INDEX; Schema: public; Owner: avkonste
--

CREATE INDEX auth_group_permissions_group_id_b120cbf9 ON public.auth_group_permissions USING btree (group_id);


--
-- Name: auth_group_permissions_permission_id_84c5c92e; Type: INDEX; Schema: public; Owner: avkonste
--

CREATE INDEX auth_group_permissions_permission_id_84c5c92e ON public.auth_group_permissions USING btree (permission_id);


--
-- Name: auth_permission_content_type_id_2f476e4b; Type: INDEX; Schema: public; Owner: avkonste
--

CREATE INDEX auth_permission_content_type_id_2f476e4b ON public.auth_permission USING btree (content_type_id);


--
-- Name: auth_user_groups_group_id_97559544; Type: INDEX; Schema: public; Owner: avkonste
--

CREATE INDEX auth_user_groups_group_id_97559544 ON public.auth_user_groups USING btree (group_id);


--
-- Name: auth_user_groups_user_id_6a12ed8b; Type: INDEX; Schema: public; Owner: avkonste
--

CREATE INDEX auth_user_groups_user_id_6a12ed8b ON public.auth_user_groups USING btree (user_id);


--
-- Name: auth_user_user_permissions_permission_id_1fbb5f2c; Type: INDEX; Schema: public; Owner: avkonste
--

CREATE INDEX auth_user_user_permissions_permission_id_1fbb5f2c ON public.auth_user_user_permissions USING btree (permission_id);


--
-- Name: auth_user_user_permissions_user_id_a95ead1b; Type: INDEX; Schema: public; Owner: avkonste
--

CREATE INDEX auth_user_user_permissions_user_id_a95ead1b ON public.auth_user_user_permissions USING btree (user_id);


--
-- Name: auth_user_username_6821ab7c_like; Type: INDEX; Schema: public; Owner: avkonste
--

CREATE INDEX auth_user_username_6821ab7c_like ON public.auth_user USING btree (username varchar_pattern_ops);


--
-- Name: django_admin_log_content_type_id_c4bce8eb; Type: INDEX; Schema: public; Owner: avkonste
--

CREATE INDEX django_admin_log_content_type_id_c4bce8eb ON public.django_admin_log USING btree (content_type_id);


--
-- Name: django_admin_log_user_id_c564eba6; Type: INDEX; Schema: public; Owner: avkonste
--

CREATE INDEX django_admin_log_user_id_c564eba6 ON public.django_admin_log USING btree (user_id);


--
-- Name: django_session_expire_date_a5c62663; Type: INDEX; Schema: public; Owner: avkonste
--

CREATE INDEX django_session_expire_date_a5c62663 ON public.django_session USING btree (expire_date);


--
-- Name: django_session_session_key_c0390e0f_like; Type: INDEX; Schema: public; Owner: avkonste
--

CREATE INDEX django_session_session_key_c0390e0f_like ON public.django_session USING btree (session_key varchar_pattern_ops);


--
-- Name: auth_group_permissions auth_group_permissio_permission_id_84c5c92e_fk_auth_perm; Type: FK CONSTRAINT; Schema: public; Owner: avkonste
--

ALTER TABLE ONLY public.auth_group_permissions
    ADD CONSTRAINT auth_group_permissio_permission_id_84c5c92e_fk_auth_perm FOREIGN KEY (permission_id) REFERENCES public.auth_permission(id) DEFERRABLE INITIALLY DEFERRED;


--
-- Name: auth_group_permissions auth_group_permissions_group_id_b120cbf9_fk_auth_group_id; Type: FK CONSTRAINT; Schema: public; Owner: avkonste
--

ALTER TABLE ONLY public.auth_group_permissions
    ADD CONSTRAINT auth_group_permissions_group_id_b120cbf9_fk_auth_group_id FOREIGN KEY (group_id) REFERENCES public.auth_group(id) DEFERRABLE INITIALLY DEFERRED;


--
-- Name: auth_permission auth_permission_content_type_id_2f476e4b_fk_django_co; Type: FK CONSTRAINT; Schema: public; Owner: avkonste
--

ALTER TABLE ONLY public.auth_permission
    ADD CONSTRAINT auth_permission_content_type_id_2f476e4b_fk_django_co FOREIGN KEY (content_type_id) REFERENCES public.django_content_type(id) DEFERRABLE INITIALLY DEFERRED;


--
-- Name: auth_user_groups auth_user_groups_group_id_97559544_fk_auth_group_id; Type: FK CONSTRAINT; Schema: public; Owner: avkonste
--

ALTER TABLE ONLY public.auth_user_groups
    ADD CONSTRAINT auth_user_groups_group_id_97559544_fk_auth_group_id FOREIGN KEY (group_id) REFERENCES public.auth_group(id) DEFERRABLE INITIALLY DEFERRED;


--
-- Name: auth_user_groups auth_user_groups_user_id_6a12ed8b_fk_auth_user_id; Type: FK CONSTRAINT; Schema: public; Owner: avkonste
--

ALTER TABLE ONLY public.auth_user_groups
    ADD CONSTRAINT auth_user_groups_user_id_6a12ed8b_fk_auth_user_id FOREIGN KEY (user_id) REFERENCES public.auth_user(id) DEFERRABLE INITIALLY DEFERRED;


--
-- Name: auth_user_user_permissions auth_user_user_permi_permission_id_1fbb5f2c_fk_auth_perm; Type: FK CONSTRAINT; Schema: public; Owner: avkonste
--

ALTER TABLE ONLY public.auth_user_user_permissions
    ADD CONSTRAINT auth_user_user_permi_permission_id_1fbb5f2c_fk_auth_perm FOREIGN KEY (permission_id) REFERENCES public.auth_permission(id) DEFERRABLE INITIALLY DEFERRED;


--
-- Name: auth_user_user_permissions auth_user_user_permissions_user_id_a95ead1b_fk_auth_user_id; Type: FK CONSTRAINT; Schema: public; Owner: avkonste
--

ALTER TABLE ONLY public.auth_user_user_permissions
    ADD CONSTRAINT auth_user_user_permissions_user_id_a95ead1b_fk_auth_user_id FOREIGN KEY (user_id) REFERENCES public.auth_user(id) DEFERRABLE INITIALLY DEFERRED;


--
-- Name: django_admin_log django_admin_log_content_type_id_c4bce8eb_fk_django_co; Type: FK CONSTRAINT; Schema: public; Owner: avkonste
--

ALTER TABLE ONLY public.django_admin_log
    ADD CONSTRAINT django_admin_log_content_type_id_c4bce8eb_fk_django_co FOREIGN KEY (content_type_id) REFERENCES public.django_content_type(id) DEFERRABLE INITIALLY DEFERRED;


--
-- Name: django_admin_log django_admin_log_user_id_c564eba6_fk_auth_user_id; Type: FK CONSTRAINT; Schema: public; Owner: avkonste
--

ALTER TABLE ONLY public.django_admin_log
    ADD CONSTRAINT django_admin_log_user_id_c564eba6_fk_auth_user_id FOREIGN KEY (user_id) REFERENCES public.auth_user(id) DEFERRABLE INITIALLY DEFERRED;


--
-- PostgreSQL database dump complete
--

